--
--
--  NAME
--    restaurantDML.sql;
--
-- DESCRIPTION
--   This script contains the DML for the restaurant database (c.f README)
--  USAGE
--       SQL> START <filepath>restaurantDML.sql

--t_restaurant
insert into t_restaurant VALUES(132560,'Puesto De Gorditas','Frente Al Tecnologico','Tamaulipas','','No Alcohol Served','Permitted','Informal','Low');
insert into t_restaurant VALUES(132561,'Cafe Ambar','NA','NA','','No Alcohol Served','None','Informal','Low');
insert into t_restaurant VALUES(132564,'Churchs','NA','NA','','No Alcohol Served','None','Informal','Low');
insert into t_restaurant VALUES(132572,'Cafe Chaires','NA','San Luis Potosi','','No Alcohol Served','Not Permitted','Informal','Low');
insert into t_restaurant VALUES(132583,'Mcdonalds Centro','Rayon Sn Col. Centro','Morelos','62000','No Alcohol Served','Not Permitted','Informal','Low');
insert into t_restaurant VALUES(132584,'Gorditas Dona Tota','NA','NA','','No Alcohol Served','Not Permitted','Informal','Medium');
insert into t_restaurant VALUES(132594,'Tacos De Barbacoa Enfrente Del Tec','NA','NA','','No Alcohol Served','Not Permitted','Informal','Low');
insert into t_restaurant VALUES(132608,'Hamburguesas La Perica','Cd. Mier','Tamaulipas','','No Alcohol Served','Permitted','Informal','Low');
insert into t_restaurant VALUES(132609,'Pollo Frito Buenos Aires','Tampico','Tamaulipas','','No Alcohol Served','Not Permitted','Informal','Low');
insert into t_restaurant VALUES(132613,'Carnitas Mata','Lic. Emilio Portes Gil','Tamaulipas','','No Alcohol Served','Permitted','Informal','Medium');
insert into t_restaurant VALUES(132626,'La Perica Hamburguesa','NA','Tamaulipas','','No Alcohol Served','None','Informal','Medium');
insert into t_restaurant VALUES(132630,'Palomo Tec','Blvrd Emilio Portes Gil','Tamaulipas','','No Alcohol Served','None','Informal','Low');
insert into t_restaurant VALUES(132654,'Carnitas Mata  Calle 16 De Septiembre','16 De Septiembre','Tamaulipas','','No Alcohol Served','None','Informal','Low');
insert into t_restaurant VALUES(132660,'Carnitas Mata Calle Emilio Portes Gil','Emilio Portes Gil','Tamaulipas','','No Alcohol Served','None','Informal','Low');
insert into t_restaurant VALUES(132663,'Tacos Abi','NA','Tamaulipas','','No Alcohol Served','None','Informal','Low');
insert into t_restaurant VALUES(132665,'Tacos Correcaminos','NA','Tamaulipas','','No Alcohol Served','None','Informal','Low');
insert into t_restaurant VALUES(132667,'Little Pizza Emilio Portes Gil','Calle Emilio Portes Gil','Tamaulipas','','No Alcohol Served','None','Informal','Low');
insert into t_restaurant VALUES(132668,'Tacos El Guero','NA','Tamaulipas','','No Alcohol Served','None','Informal','Low');
insert into t_restaurant VALUES(132706,'Gorditas Dona Tota','Zaragoza Entre Francisco Zarco Y Lopez Velarde','Tamaulipas','','No Alcohol Served','Not Permitted','Informal','Medium');
insert into t_restaurant VALUES(132715,'Tacos De La Estacion','NA','NA','','No Alcohol Served','None','Informal','Low');
insert into t_restaurant VALUES(132717,'Tortas Hawai','NA','NA','','No Alcohol Served','Not Permitted','Informal','Medium');
insert into t_restaurant VALUES(132723,'Gordas De Morales','NA','San Luis Potosi','','Alcohol','Section','Informal','Medium');
insert into t_restaurant VALUES(132732,'Taqueria El Amigo ','Calle Mezquite Fracc Framboyanes','Tamaulipas','87018','No Alcohol Served','None','Casual','Low');
insert into t_restaurant VALUES(132733,'Little Cesarz','NA','Tamaulipas','','No Alcohol Served','Not Permitted','Informal','Medium');
insert into t_restaurant VALUES(132740,'Carreton De Flautas Y Migadas','NA','Tamaulipas','','No Alcohol Served','Permitted','Informal','Low');
insert into t_restaurant VALUES(132754,'Cabana Huasteca','Cuauhtemoc 455','San Luis Potosi','','No Alcohol Served','None','Informal','Medium');
insert into t_restaurant VALUES(132755,'La Estrella De Dimas','Av. De Los Pintores','San Luis Potosi','','No Alcohol Served','None','Informal','Medium');
insert into t_restaurant VALUES(132766,'Mikasa','Himno Nacional Esq. Blvd. Juarez','Morelos','','Wine And Beer','None','Informal','Medium');
insert into t_restaurant VALUES(132767,'Restaurant Familiar El Chino','Paseo De Las Fuentes','Morelos','','Wine And Beer','Permitted','Casual','Medium');
insert into t_restaurant VALUES(132768,'Mariscos Tia Licha','Avenida Salvador Montiel ','Morelos','62320','No Alcohol Served','Not Permitted','Casual','Medium');
insert into t_restaurant VALUES(132773,'El Cotorreo','Emiliano Zapata Col. Tres De Mayo','Morelos','','Wine And Beer','Permitted','Informal','Low');
insert into t_restaurant VALUES(132825,'Puesto De Tacos','Esquina Santos Degollado Y Leon Guzman','San Luis Potosi','78280','No Alcohol Served','None','Informal','Low');
insert into t_restaurant VALUES(132830,'Rincon Huasteco','NA','NA','','No Alcohol Served','None','Informal','Low');
insert into t_restaurant VALUES(132834,'Gorditas Doa Gloria','Sevilla Y Olmedo 715 A','San Luis Potosi','78349','No Alcohol Served','Not Permitted','Casual','Low');
insert into t_restaurant VALUES(132845,'Cenaduria El Rincoon De Tlaquepaque','Av. Seminario','San Luis Potosi','','No Alcohol Served','None','Informal','Medium');
insert into t_restaurant VALUES(132846,'El Lechon Potosino ','Circuito Oriente Esq. Carretera 57','San Luis Potosi','','No Alcohol Served','Permitted','Casual','Low');
insert into t_restaurant VALUES(132847,'Don Burguers','R.B. Anaya Esq. Florencia','San Luis Potosi','','No Alcohol Served','None','Informal','Low');
insert into t_restaurant VALUES(132851,'Kfc','NA','San Luis Potosi','','No Alcohol Served','Not Permitted','Informal','Low');
insert into t_restaurant VALUES(132854,'Sirlone','Carr. Mexico','San Luis Potosi','','Wine And Beer','None','Informal','Medium');
insert into t_restaurant VALUES(132856,'Unicols Pizza','Plaza Del Carmen','San Luis Potosi','','Wine And Beer','None','Informal','Low');
insert into t_restaurant VALUES(132858,'Hamburguesas Valle Dorado','Av. Coral','San Luis Potosi','','No Alcohol Served','None','Informal','Low');
insert into t_restaurant VALUES(132861,'Carls Jr','Av. V. Carranza','San Luis Potosi','','No Alcohol Served','Not Permitted','Informal','Medium');
insert into t_restaurant VALUES(132862,'La Posada Del Virrey','Av. V. Carranza','San Luis Potosi','','Wine And Beer','None','Casual','High');
insert into t_restaurant VALUES(132866,'Chaires','Ricardo B. Anaya','San Luis Potosi','','No Alcohol Served','Not Permitted','Informal','Medium');
insert into t_restaurant VALUES(132869,'Dominos Pizza','Ricardo B. Anaya','San Luis Potosi','','No Alcohol Served','Not Permitted','Informal','Medium');
insert into t_restaurant VALUES(132870,'Tortas Y Hamburguesas El Gordo','Ricardo B. Anaya','San Luis Potosi','','No Alcohol Served','Not Permitted','Informal','Low');
insert into t_restaurant VALUES(132872,'Pizzeria Julios','NA','NA','','No Alcohol Served','Not Permitted','Informal','Medium');
insert into t_restaurant VALUES(132875,'Shi Ro Ie','NA','NA','','Wine And Beer','Section','Informal','High');
insert into t_restaurant VALUES(132877,'Sirloin Stockade','NA','NA','','No Alcohol Served','None','Informal','Low');
insert into t_restaurant VALUES(132884,'Dairy Queen','NA','NA','','No Alcohol Served','None','Informal','Low');
insert into t_restaurant VALUES(132885,'Hamburguesas Saul','Av. Saan Luis Enttre Moctezuma Y Salinas','San Luis Potosi','78433','No Alcohol Served','None','Informal','Low');
insert into t_restaurant VALUES(132921,'Crudalia','NA','NA','','Wine And Beer','Section','Casual','Low');
insert into t_restaurant VALUES(132922,'Cafe Punta Del Cielo','NA','NA','','No Alcohol Served','Permitted','Formal','Medium');
insert into t_restaurant VALUES(132925,'El Pueblito','NA','NA','','Wine And Beer','Not Permitted','Informal','Medium');
insert into t_restaurant VALUES(132937,'Rockabilly ','Agustin De Iturbide','San Luis Potosi','','Alcohol','Section','Informal','Low');
insert into t_restaurant VALUES(132951,'Vips','Nicolas Zapata 300','San Luis Potosi','','No Alcohol Served','Not Permitted','Casual','Low');
insert into t_restaurant VALUES(132954,'La Parroquia','Venustiano Carranza','San Luis Potosi','','No Alcohol Served','Not Permitted','Informal','Medium');
insert into t_restaurant VALUES(132955,'Emilianos','Venustiano Carranza','NA','','Wine And Beer','None','Informal','Low');
insert into t_restaurant VALUES(132958,'Tacos Los Volcanes','Avenida Hivno Nacional','San Luis Potosi','','No Alcohol Served','None','Informal','Low');
insert into t_restaurant VALUES(134975,'Rincon Del Bife','NA','NA','','Alcohol','Section','Informal','High');
insert into t_restaurant VALUES(134976,'Log Yin','NA','NA','','No Alcohol Served','None','Informal','Low');
insert into t_restaurant VALUES(134983,'Restaurant And Bar And Clothesline Carlos N Charlies','Domingo 10 711 El Empleado','Morelos','62250','Alcohol','Section','Informal','High');
insert into t_restaurant VALUES(134986,'Restaurant Las Mananitas','Ricardo Linares 107','Morelos','','Wine And Beer','None','Formal','High');
insert into t_restaurant VALUES(134987,'Chilis Cuernavaca','Rio Mayo Colonia Vista Hermosa Esq. Rio Balsas','Morelos','62290','Wine And Beer','None','Informal','Medium');
insert into t_restaurant VALUES(134992,'Restaurant Teely','La Pradera','Morelos','','Wine And Beer','Section','Casual','High');
insert into t_restaurant VALUES(134996,'Sanborns Casa Piedra','Lomas Del Mirador','Morelos','','Wine And Beer','Only At Bar','Informal','Medium');
insert into t_restaurant VALUES(134999,'Kiku Cuernavaca','Revolucion','Morelos','','No Alcohol Served','None','Informal','Medium');
insert into t_restaurant VALUES(135000,'Restaurant Los Pinos','Federal Mexico - Acapulco 10 3 De Mayo','Morelos','62790','No Alcohol Served','None','Informal','Medium');
insert into t_restaurant VALUES(135001,'Vips','Emiliano Zapata No. 825 Tlaltenongo','Morelos','62170','Wine And Beer','None','Informal','Medium');
insert into t_restaurant VALUES(135011,'Los Vikingos','36 Sur Civac','Morelos','','No Alcohol Served','None','Informal','Medium');
insert into t_restaurant VALUES(135013,'Giovannis','40 Norte Civac 1Ra. Seccion','Morelos','','No Alcohol Served','None','Informal','Low');
insert into t_restaurant VALUES(135016,'Arrachela Grill','69 Tres De Mayo','Morelos','','No Alcohol Served','None','Informal','Medium');
insert into t_restaurant VALUES(135018,'El Oceano Dorado','Libramiento Burgos Colonia Las Animas','Morelos','','Alcohol','Permitted','Informal','Medium');
insert into t_restaurant VALUES(135019,'Restaurant Bar Coty Y Pablo','Paseo De Las Fuentes 24 Pedregal De Las Fuentes','Morelos','','No Alcohol Served','None','Informal','Low');
insert into t_restaurant VALUES(135021,'Subway','Rio Mayo 17 Vista Hermosa','Morelos','62290','No Alcohol Served','Not Permitted','Informal','Low');
insert into t_restaurant VALUES(135025,'El Rincon De San Francisco','1A. De Lozada 1','San Luis Potosi','','No Alcohol Served','None','Informal','Medium');
insert into t_restaurant VALUES(135026,'La Cantina','Capitan Caldera No. 420 Tequisqueapan','San Luis Potosi','78250','Alcohol','None','Informal','High');
insert into t_restaurant VALUES(135027,'Restaurant Orizatlan','Pascual M. Hernandez 240','San Luis Potosi','','Wine And Beer','None','Informal','Medium');
insert into t_restaurant VALUES(135028,'La Virreina','Av. Carranza 830','San Luis Potosi','','Wine And Beer','None','Informal','Medium');
insert into t_restaurant VALUES(135030,'Preambulo Wifi Zone Cafe','Anahuac 805','San Luis Potosi','','No Alcohol Served','None','Informal','Medium');
insert into t_restaurant VALUES(135032,'Cafeteria Y Restaurant El Pacifico','Constitucion 200 Centro','San Luis Potosi','78000','Wine And Beer','Section','Informal','Medium');
insert into t_restaurant VALUES(135033,'Restaurant El Muladar De Calzada','De Guadalupe 460 San Miguelito','San Luis Potosi','78399','No Alcohol Served','Section','Informal','Medium');
insert into t_restaurant VALUES(135034,'Michiko Restaurant Japones','Cordillera De Los Alpes 160 Lomas 2 Seccion','San Luis Potosi','78210','No Alcohol Served','None','Informal','Medium');
insert into t_restaurant VALUES(135035,'El Mundo De La Pasta','Rio Papaloapan 265 Lomas De San Luis (3)','San Luis Potosi','78210','No Alcohol Served','Section','Informal','High');
insert into t_restaurant VALUES(135038,'Restaurant La Chalita','Guajardo Sn San Luis Potosi Centro','San Luis Potosi','78000','No Alcohol Served','Section','Informal','Medium');
insert into t_restaurant VALUES(135039,'Restaurant De Mariscos De Picon','Miguel Barragan 46 Centro','San Luis Potosi','79300','No Alcohol Served','Section','Informal','Low');
insert into t_restaurant VALUES(135040,'Restaurant Los Compadres','Camino A Simon Diaz 155 Centro','San Luis Potosi','74000','Wine And Beer','None','Informal','High');
insert into t_restaurant VALUES(135041,'Luna Cafe','Francisco I. Madero 215','San Luis Potosi','','Wine And Beer','None','Informal','Medium');
insert into t_restaurant VALUES(135042,'Restaurant Oriental Express','Tangamanga 7 Tangamanga','San Luis Potosi','78269','No Alcohol Served','None','Informal','Medium');
insert into t_restaurant VALUES(135043,'Pizza Clasica','524 Soledad De Graciano Sanchez','San Luis Potosi','','No Alcohol Served','None','Informal','Medium');
insert into t_restaurant VALUES(135044,'Restaurant Wu Zhuo Yi','Himno Nacional 100 Avenida','San Luis Potosi','78240','No Alcohol Served','None','Informal','Medium');
insert into t_restaurant VALUES(135045,'Restaurante La Gran Via','Venustiano Carranza 560 Centro','San Luis Potosi','78000','Wine And Beer','None','Casual','High');
insert into t_restaurant VALUES(135046,'Restaurante El Reyecito','Agricultura 595 Del Valle','San Luis Potosi','78200','No Alcohol Served','None','Informal','Medium');
insert into t_restaurant VALUES(135047,'Restaurante Casa De Las Flores','General Mariano Arista 1205 Barrio De Tequisquiap','San Luis Potosi','78310','Wine And Beer','Section','Informal','High');
insert into t_restaurant VALUES(135048,'Restaurante Bar Fu-Hao','Jesus Goytortua 390 Tangamanga','San Luis Potosi','78269','Wine And Beer','None','Informal','High');
insert into t_restaurant VALUES(135049,'Restaurante De Mariscos La Langosta','Cordillera De Los Alpes 675 Loma Verde','San Luis Potosi','78214','No Alcohol Served','None','Informal','Medium');
insert into t_restaurant VALUES(135050,'Restaurante La Estrella De Dima','Soledad Sn Arboledas De Soledad','San Luis Potosi','78430','Wine And Beer','None','Informal','High');
insert into t_restaurant VALUES(135051,'Restaurante Versalles','Francisco I. Madero 145 Centro','San Luis Potosi','78000','No Alcohol Served','Section','Informal','Low');
insert into t_restaurant VALUES(135052,'La Cantina Restaurante','Ignacio Aldama 300 Centro','San Luis Potosi','78000','Alcohol','None','Informal','High');
insert into t_restaurant VALUES(135053,'La Fontana Pizza Restaurante And Cafe','Satelite 606 Satelite','San Luis Potosi','62460','No Alcohol Served','Section','Informal','High');
insert into t_restaurant VALUES(135054,'Restaurante Y Pescaderia Tampico','Ricardo B. Anaya 2700 Estrella De Oriente','San Luis Potosi','78000','No Alcohol Served','None','Informal','High');
insert into t_restaurant VALUES(135055,'La Cochinita Pibil Restaurante Yucateco','Venustiano Carranza 2175 Jardin','San Luis Potosi','78270','No Alcohol Served','Section','Informal','High');
insert into t_restaurant VALUES(135057,'El Herradero Restaurante And Bar','Costado Sur Central Camionera Km 2','San Luis Potosi','78390','Wine And Beer','Section','Informal','Medium');
insert into t_restaurant VALUES(135058,'Restaurante Tiberius','Munoz Sn Centro','San Luis Potosi','64000','No Alcohol Served','None','Informal','Medium');
insert into t_restaurant VALUES(135059,'Restaurant Bar Hacienda Los Martinez','Santos Degollado 745 Los Alamitos','San Luis Potosi','78250','Wine And Beer','Section','Informal','Medium');
insert into t_restaurant VALUES(135060,'Restaurante Marisco Sam','Ignacio Allende 785 Centro','San Luis Potosi','78310','No Alcohol Served','None','Informal','Medium');
insert into t_restaurant VALUES(135062,'Restaurante El Cielo Potosino','Julian De Los Reyes 400 Centro','San Luis Potosi','78000','No Alcohol Served','None','Informal','Medium');
insert into t_restaurant VALUES(135063,'Restaurante Alhondiga','Alhondiga 62 Centro','San Luis Potosi','78000','No Alcohol Served','None','Informal','Medium');
insert into t_restaurant VALUES(135064,'Restaurante El Chivero S.A. De C.V.','Angel Veral 328 Altamira','San Luis Potosi','78740','No Alcohol Served','None','Informal','High');
insert into t_restaurant VALUES(135065,'El Angel Restaurante','Venustiano Carranza 1625 Jardin','San Luis Potosi','78250','Wine And Beer','Section','Informal','High');
insert into t_restaurant VALUES(135066,'Restaurante Guerra','20 De Noviembre 1817 Tlaxcala','San Luis Potosi','78038','Wine And Beer','Section','Informal','High');
insert into t_restaurant VALUES(135069,'Abondance Restaurante Bar','Industrias 908 Valle Dorado','San Luis Potosi','78399','Wine And Beer','None','Informal','Low');
insert into t_restaurant VALUES(135070,'Restaurante 75','Villa De Pozos 4497 Villa De Pozos','San Luis Potosi','78421','No Alcohol Served','None','Informal','Medium');
insert into t_restaurant VALUES(135071,'Restaurante La Cantina','De La Estrella 2005 Estrella De Oriente','San Luis Potosi','78396','Alcohol','Section','Informal','Medium');
insert into t_restaurant VALUES(135072,'Sushi Itto','Venustiano Carranza 1809 C Polanco','San Luis Potosi','78220','No Alcohol Served','None','Informal','Medium');
insert into t_restaurant VALUES(135073,'Restaurante Bar El Gallinero','Pascual M. Hernandez 210 Centro','San Luis Potosi','78000','Wine And Beer','Section','Informal','High');
insert into t_restaurant VALUES(135074,'Restaurante La Parroquia Potosina','Venustiano Carranza 303 Centro','San Luis Potosi','78000','Wine And Beer','Section','Informal','High');
insert into t_restaurant VALUES(135075,'Mariscos El Pescador','Himno Nacional 2104 Tangamanga','San Luis Potosi','78269','No Alcohol Served','None','Informal','Medium');
insert into t_restaurant VALUES(135076,'Restaurante Pueblo Bonito','Mexico 2015 Providencia','San Luis Potosi','78395','Wine And Beer','None','Informal','High');
insert into t_restaurant VALUES(135079,'Koye Sushi','Nereo Rodriguez Barragan 450 E Centro','San Luis Potosi','78000','No Alcohol Served','None','Informal','High');
insert into t_restaurant VALUES(135080,'Los Toneles','Estatuto Juridico 1040 Burocratas','San Luis Potosi','78270','No Alcohol Served','Section','Informal','High');
insert into t_restaurant VALUES(135081,'El Club','Mexico 810 Centro','San Luis Potosi','78000','No Alcohol Served','None','Informal','Medium');
insert into t_restaurant VALUES(135082,'La Estrella De Dimas','Villa De Pozos 192 Villa De Pozos','San Luis Potosi','78421','No Alcohol Served','None','Informal','Medium');
insert into t_restaurant VALUES(135085,'Tortas Locas Hipocampo','Venustiano Carranza 719 Centro','San Luis Potosi','78000','No Alcohol Served','Not Permitted','Informal','Medium');
insert into t_restaurant VALUES(135086,'Mcdonalds Parque Tangamanga','Lateral Salvador Nava Martinez 3145','San Luis Potosi','78290','No Alcohol Served','Not Permitted','Informal','Medium');
insert into t_restaurant VALUES(135088,'Cafeteria Cenidet','Interior Internado Palmira Sn','Morelos','','No Alcohol Served','Not Permitted','Informal','Low');
insert into t_restaurant VALUES(135104,'Vips','NA','NA','','Alcohol','Not Permitted','Informal','Medium');
insert into t_restaurant VALUES(135106,'El Rincón De San Francisco','Universidad 169','San Luis Potosi','78000','Wine And Beer','Only At Bar','Informal','Medium');
insert into t_restaurant VALUES(135108,'Potzocalli','Carretera Central Sn','NA','','No Alcohol Served','None','Informal','Low');
insert into t_restaurant VALUES(135109,'Paniroles','NA','NA','','Wine And Beer','Not Permitted','Informal','Medium');


insert into t_serve VALUES(132608,'Dutch-Belgian');
insert into t_serve VALUES(134992,'Seafood');
insert into t_serve VALUES(135070,'International');
insert into t_serve VALUES(132613,'Seafood');
insert into t_serve VALUES(132847,'French');
insert into t_serve VALUES(132723,'Seafood');
insert into t_serve VALUES(135001,'Dutch-Belgian');
insert into t_serve VALUES(132768,'Mediterranean');
insert into t_serve VALUES(132937,'International');
insert into t_serve VALUES(135051,'International');
insert into t_serve VALUES(134999,'Mediterranean');
insert into t_serve VALUES(132668,'Dutch-Belgian');
insert into t_serve VALUES(132754,'French');
insert into t_serve VALUES(132754,'Dutch-Belgian');
insert into t_serve VALUES(132755,'International');
insert into t_serve VALUES(132706,'Dutch-Belgian');
insert into t_serve VALUES(135021,'Dutch-Belgian');
insert into t_serve VALUES(132706,'International');
insert into t_serve VALUES(135045,'Dutch-Belgian');
insert into t_serve VALUES(132767,'Dutch-Belgian');
insert into t_serve VALUES(132755,'Dutch-Belgian');
insert into t_serve VALUES(135030,'International');
insert into t_serve VALUES(132856,'Dutch-Belgian');
insert into t_serve VALUES(135059,'Dutch-Belgian');
insert into t_serve VALUES(135065,'Dutch-Belgian');
insert into t_serve VALUES(135064,'Seafood');
insert into t_serve VALUES(135053,'Continental-European');
insert into t_serve VALUES(135075,'Dutch-Belgian');
insert into t_serve VALUES(135046,'Dutch-Belgian');
insert into t_serve VALUES(135034,'Italian');
insert into t_serve VALUES(132954,'Seafood');
insert into t_serve VALUES(135065,'French');
insert into t_serve VALUES(132954,'Dutch-Belgian');
insert into t_serve VALUES(132922,'Family');
insert into t_serve VALUES(135108,'German');
insert into t_serve VALUES(135045,'Fine Dining');
insert into t_serve VALUES(135085,'International');
insert into t_serve VALUES(132885,'Cafe-Coffee Shop');
insert into t_serve VALUES(135045,'Family');
insert into t_serve VALUES(135018,'Pizzeria');
insert into t_serve VALUES(135038,'Dutch-Belgian');
insert into t_serve VALUES(135019,'Cafe-Coffee Shop');
insert into t_serve VALUES(135085,'Dutch-Belgian');
insert into t_serve VALUES(132922,'American');
insert into t_serve VALUES(135069,'Bar Pub Brewery');
insert into t_serve VALUES(132884,'American');
insert into t_serve VALUES(135108,'Bar Pub Brewery');
insert into t_serve VALUES(135081,'Cafe-Coffee Shop');
insert into t_serve VALUES(135076,'Italian');
insert into t_serve VALUES(132951,'French');
insert into t_serve VALUES(134986,'Vegetarian');
insert into t_serve VALUES(135065,'Japanese');
insert into t_serve VALUES(135033,'Japanese');
insert into t_serve VALUES(135046,'Steaks');
insert into t_serve VALUES(135062,'Sushi');
insert into t_serve VALUES(135042,'Vegetarian');
insert into t_serve VALUES(135042,'Organic-Healthy');
insert into t_serve VALUES(135058,'Cafe-Coffee Shop');
insert into t_serve VALUES(135049,'Asian');
insert into t_serve VALUES(135019,'Asian');
insert into t_serve VALUES(135104,'Vegetarian');
insert into t_serve VALUES(135058,'Vegetarian');
insert into t_serve VALUES(134996,'Asian');
insert into t_serve VALUES(135044,'Italian');
insert into t_serve VALUES(135106,'Family');
insert into t_serve VALUES(135000,'Mexican');
insert into t_serve VALUES(135033,'Family');
insert into t_serve VALUES(135035,'Mexican');
insert into t_serve VALUES(135030,'Eastern European');
insert into t_serve VALUES(135064,'Vegetarian');
insert into t_serve VALUES(135047,'Fast Food');
insert into t_serve VALUES(135066,'Turkish');
insert into t_serve VALUES(135075,'Italian');
insert into t_serve VALUES(135026,'Pizzeria');
insert into t_serve VALUES(135054,'Japanese');
insert into t_serve VALUES(135047,'Pizzeria');
insert into t_serve VALUES(135027,'Pizzeria');
insert into t_serve VALUES(135104,'Deli-Sandwiches');
insert into t_serve VALUES(135073,'Bakery');
insert into t_serve VALUES(135044,'Deli-Sandwiches');
insert into t_serve VALUES(135088,'Deli-Sandwiches');
insert into t_serve VALUES(135081,'Pizzeria');
insert into t_serve VALUES(135062,'Deli-Sandwiches');
insert into t_serve VALUES(135070,'French');
insert into t_serve VALUES(135047,'Mediterranean');
insert into t_serve VALUES(135080,'Dutch-Belgian');
insert into t_serve VALUES(135073,'Greek');
insert into t_serve VALUES(135043,'French');
insert into t_serve VALUES(135066,'Dutch-Belgian');
insert into t_serve VALUES(135044,'French');
insert into t_serve VALUES(135073,'International');
insert into t_serve VALUES(135057,'International');
insert into t_serve VALUES(135063,'Cafe-Coffee Shop');
insert into t_serve VALUES(135063,'International');
insert into t_serve VALUES(135066,'French');
insert into t_serve VALUES(135071,'International');
insert into t_serve VALUES(135081,'Dutch-Belgian');
insert into t_serve VALUES(135088,'Bar Pub Brewery');
insert into t_serve VALUES(135104,'Asian');
insert into t_serve VALUES(135066,'Chinese');
insert into t_serve VALUES(135070,'Chinese');
insert into t_serve VALUES(135075,'Chinese');
insert into t_serve VALUES(135074,'Bagels');
insert into t_serve VALUES(135104,'Cafe-Coffee Shop');
insert into t_serve VALUES(135080,'Deli-Sandwiches');
insert into t_serve VALUES(135064,'Italian');
insert into t_serve VALUES(135088,'Italian');
insert into t_serve VALUES(135066,'Continental-European');
insert into t_serve VALUES(135070,'Italian');
insert into t_serve VALUES(135080,'Mediterranean');
insert into t_serve VALUES(135076,'Pizzeria');
insert into t_serve VALUES(135085,'Italian');
insert into t_serve VALUES(135109,'Cafe-Coffee Shop');
insert into t_serve VALUES(135085,'Bar Pub Brewery');
insert into t_serve VALUES(135086,'Polish');
insert into t_serve VALUES(135081,'French');
insert into t_serve VALUES(135104,'Dutch-Belgian');
insert into t_serve VALUES(135108,'International');
insert into t_serve VALUES(135081,'International');
insert into t_serve VALUES(135109,'International');
insert into t_serve VALUES(135109,'Dutch-Belgian');
insert into t_serve VALUES(135088,'Chinese');
insert into t_serve VALUES(135106,'Chinese');
insert into t_serve VALUES(135108,'French');
insert into t_serve VALUES(135082,'American');
insert into t_serve VALUES(135044,'Bar Pub Brewery');
insert into t_serve VALUES(135074,'Pizzeria');
insert into t_serve VALUES(132875,'Italian');
insert into t_serve VALUES(132668,'Pizzeria');
insert into t_serve VALUES(132955,'Italian');
insert into t_serve VALUES(132654,'Dutch-Belgian');
insert into t_serve VALUES(135069,'American');
insert into t_serve VALUES(135054,'Bakery');
insert into t_serve VALUES(132846,'Cafe-Coffee Shop');
insert into t_serve VALUES(135075,'Deli-Sandwiches');
insert into t_serve VALUES(135026,'Chinese');
insert into t_serve VALUES(132767,'American');
insert into t_serve VALUES(134987,'Seafood');
insert into t_serve VALUES(135041,'California');
insert into t_serve VALUES(132872,'Italian');
insert into t_serve VALUES(132715,'Italian');
insert into t_serve VALUES(132921,'Italian');
insert into t_serve VALUES(135104,'Italian');
insert into t_serve VALUES(135042,'Italian');
insert into t_serve VALUES(135019,'Italian');
insert into t_serve VALUES(135035,'American');
insert into t_serve VALUES(132875,'Burgers');
insert into t_serve VALUES(135109,'Japanese');
insert into t_serve VALUES(132830,'Seafood');
insert into t_serve VALUES(135030,'Sushi');
insert into t_serve VALUES(132866,'Japanese');
insert into t_serve VALUES(135081,'Sushi');
insert into t_serve VALUES(135109,'Burgers');
insert into t_serve VALUES(135057,'American');
insert into t_serve VALUES(135076,'Bar Pub Brewery');
insert into t_serve VALUES(135025,'Greek');
insert into t_serve VALUES(135064,'French');
insert into t_serve VALUES(132954,'Italian');
insert into t_serve VALUES(134987,'French');
insert into t_serve VALUES(135001,'German');
insert into t_serve VALUES(135108,'Italian');
insert into t_serve VALUES(135051,'German');
insert into t_serve VALUES(132862,'Italian');
insert into t_serve VALUES(135075,'Mediterranean');
insert into t_serve VALUES(135071,'Pizzeria');
insert into t_serve VALUES(135049,'International');
insert into t_serve VALUES(134996,'Eastern European');
insert into t_serve VALUES(132922,'Cafeteria');
insert into t_serve VALUES(135062,'Polish');
insert into t_serve VALUES(134987,'Fast Food');
insert into t_serve VALUES(135040,'Game');
insert into t_serve VALUES(135053,'Bar Pub Brewery');
insert into t_serve VALUES(135072,'Bar Pub Brewery');
insert into t_serve VALUES(132925,'Cafeteria');
insert into t_serve VALUES(135048,'Polish');
insert into t_serve VALUES(135039,'Chinese');
insert into t_serve VALUES(135062,'Asian');
insert into t_serve VALUES(135060,'Chinese');
insert into t_serve VALUES(134996,'Chinese');
insert into t_serve VALUES(135060,'Bar Pub Brewery');
insert into t_serve VALUES(135066,'Bar Pub Brewery');
insert into t_serve VALUES(134987,'Contemporary');
insert into t_serve VALUES(135043,'Spanish');
insert into t_serve VALUES(135054,'Latin American');
insert into t_serve VALUES(135072,'Mexican');
insert into t_serve VALUES(135058,'Latin American');
insert into t_serve VALUES(135109,'American');
insert into t_serve VALUES(135080,'Bar Pub Brewery');
insert into t_serve VALUES(135040,'Cafe-Coffee Shop');
insert into t_serve VALUES(135049,'Italian');
insert into t_serve VALUES(135027,'Contemporary');
insert into t_serve VALUES(135057,'French');
insert into t_serve VALUES(135069,'Southern');
insert into t_serve VALUES(135104,'Barbecue');
insert into t_serve VALUES(135106,'French');
insert into t_serve VALUES(135064,'Dutch-Belgian');
insert into t_serve VALUES(135044,'American');
insert into t_serve VALUES(135073,'Polish');
insert into t_serve VALUES(135060,'Breakfast-Brunch');
insert into t_serve VALUES(135065,'Southwestern');
insert into t_serve VALUES(135074,'Chinese');
insert into t_serve VALUES(135058,'Vietnamese');
insert into t_serve VALUES(135070,'Continental-European');
insert into t_serve VALUES(135055,'Dutch-Belgian');
insert into t_serve VALUES(135048,'French');
insert into t_serve VALUES(135086,'Dutch-Belgian');
insert into t_serve VALUES(135059,'Mediterranean');
insert into t_serve VALUES(135082,'Cafe-Coffee Shop');
insert into t_serve VALUES(135058,'French');
insert into t_serve VALUES(135052,'International');
insert into t_serve VALUES(135059,'International');
insert into t_serve VALUES(135069,'Pizzeria');
insert into t_serve VALUES(135082,'Pizzeria');
insert into t_serve VALUES(135085,'Deli-Sandwiches');
insert into t_serve VALUES(135070,'Pizzeria');
insert into t_serve VALUES(135064,'International');
insert into t_serve VALUES(135109,'Sushi');
insert into t_serve VALUES(135086,'Cafe-Coffee Shop');
insert into t_serve VALUES(135088,'Japanese');
insert into t_serve VALUES(135082,'Sushi');
insert into t_serve VALUES(135080,'Italian');
insert into t_serve VALUES(135075,'Greek');
insert into t_serve VALUES(135080,'Greek');
insert into t_serve VALUES(135081,'Greek');
insert into t_serve VALUES(135082,'Greek');
insert into t_serve VALUES(135108,'Greek');
insert into t_serve VALUES(135106,'Greek');
insert into t_serve VALUES(135109,'Greek');
insert into t_serve VALUES(134987,'Greek');
insert into t_serve VALUES(135011,'Greek');
insert into t_serve VALUES(132861,'Greek');
insert into t_serve VALUES(135000,'Greek');
insert into t_serve VALUES(134996,'Greek');
insert into t_serve VALUES(135086,'Greek');
insert into t_serve VALUES(132825,'Greek');
insert into t_serve VALUES(132733,'Greek');
insert into t_serve VALUES(135021,'Greek');
insert into t_serve VALUES(135069,'Greek');
insert into t_serve VALUES(132834,'Greek');
insert into t_serve VALUES(132862,'Greek');
insert into t_serve VALUES(132845,'Greek');
insert into t_serve VALUES(135034,'Greek');
insert into t_serve VALUES(135052,'Pizzeria');
insert into t_serve VALUES(132754,'Pizzeria');
insert into t_serve VALUES(135059,'Greek');
insert into t_serve VALUES(134999,'Greek');
insert into t_serve VALUES(135026,'Greek');
insert into t_serve VALUES(135071,'Contemporary');
insert into t_serve VALUES(132755,'Continental-European');
insert into t_serve VALUES(132925,'Mexican');
insert into t_serve VALUES(132834,'International');
insert into t_serve VALUES(135071,'Dutch-Belgian');
insert into t_serve VALUES(132877,'Cafe-Coffee Shop');
insert into t_serve VALUES(132851,'French');
insert into t_serve VALUES(132875,'Soup');
insert into t_serve VALUES(132861,'Mediterranean');
insert into t_serve VALUES(132768,'Dutch-Belgian');
insert into t_serve VALUES(132925,'Seafood');
insert into t_serve VALUES(135032,'Bar Pub Brewery');
insert into t_serve VALUES(132870,'American');
insert into t_serve VALUES(135053,'International');
insert into t_serve VALUES(135041,'Asian');
insert into t_serve VALUES(132885,'Italian');
insert into t_serve VALUES(132847,'Mediterranean');
insert into t_serve VALUES(132858,'Mediterranean');
insert into t_serve VALUES(134986,'Italian');
insert into t_serve VALUES(135050,'Fast Food');
insert into t_serve VALUES(135079,'Cafe-Coffee Shop');
insert into t_serve VALUES(132958,'Dutch-Belgian');
insert into t_serve VALUES(134975,'Dutch-Belgian');
insert into t_serve VALUES(134992,'International');
insert into t_serve VALUES(134996,'Mediterranean');
insert into t_serve VALUES(135025,'Mediterranean');
insert into t_serve VALUES(135076,'Dutch-Belgian');
insert into t_serve VALUES(135042,'Dutch-Belgian');
insert into t_serve VALUES(135021,'French');
insert into t_serve VALUES(135000,'International');
insert into t_serve VALUES(132954,'French');
insert into t_serve VALUES(135074,'International');
insert into t_serve VALUES(134986,'Dutch-Belgian');
insert into t_serve VALUES(135055,'Cafe-Coffee Shop');
insert into t_serve VALUES(135011,'French');
insert into t_serve VALUES(135043,'Dutch-Belgian');
insert into t_serve VALUES(135053,'Cafe-Coffee Shop');
insert into t_serve VALUES(135070,'Dutch-Belgian');
insert into t_serve VALUES(135054,'Italian');
insert into t_serve VALUES(135025,'Juice');
insert into t_serve VALUES(135073,'Juice');
insert into t_serve VALUES(135021,'Juice');
insert into t_serve VALUES(135066,'Juice');
insert into t_serve VALUES(135076,'Juice');
insert into t_serve VALUES(135030,'Juice');
insert into t_serve VALUES(135041,'Ethiopian');
insert into t_serve VALUES(135044,'Dutch-Belgian');
insert into t_serve VALUES(135080,'German');
insert into t_serve VALUES(135052,'German');
insert into t_serve VALUES(135049,'German');
insert into t_serve VALUES(135075,'German');
insert into t_serve VALUES(135062,'International');
insert into t_serve VALUES(135042,'Regional');
insert into t_serve VALUES(135035,'German');
insert into t_serve VALUES(135048,'German');
insert into t_serve VALUES(135085,'German');
insert into t_serve VALUES(135050,'German');
insert into t_serve VALUES(135053,'Armenian');
insert into t_serve VALUES(135057,'German');
insert into t_serve VALUES(135043,'Persian');
insert into t_serve VALUES(135069,'Southwestern');
insert into t_serve VALUES(135086,'Mexican');
insert into t_serve VALUES(135070,'Bakery');
insert into t_serve VALUES(135106,'Cafe-Coffee Shop');
insert into t_serve VALUES(135085,'Seafood');
insert into t_serve VALUES(135109,'Southwestern');
insert into t_serve VALUES(135063,'Steaks');
insert into t_serve VALUES(135052,'French');
insert into t_serve VALUES(135106,'German');
insert into t_serve VALUES(135104,'German');
insert into t_serve VALUES(135060,'Dutch-Belgian');
insert into t_serve VALUES(135059,'French');
insert into t_serve VALUES(135104,'Japanese');
insert into t_serve VALUES(135086,'Japanese');
insert into t_serve VALUES(135082,'French');
insert into t_serve VALUES(135072,'Dutch-Belgian');
insert into t_serve VALUES(135086,'International');
insert into t_serve VALUES(135072,'International');
insert into t_serve VALUES(135080,'International');
insert into t_serve VALUES(135076,'International');
insert into t_serve VALUES(135104,'French');
insert into t_serve VALUES(135073,'Dutch-Belgian');
insert into t_serve VALUES(135080,'Cafe-Coffee Shop');
insert into t_serve VALUES(135108,'Dutch-Belgian');
insert into t_serve VALUES(135108,'Vegetarian');
insert into t_serve VALUES(135106,'Dutch-Belgian');
insert into t_serve VALUES(135108,'Steaks');
insert into t_serve VALUES(132584,'Dutch-Belgian');
insert into t_serve VALUES(132869,'French');
insert into t_serve VALUES(132862,'International');
insert into t_serve VALUES(135018,'International');
insert into t_serve VALUES(134976,'International');
insert into t_serve VALUES(132951,'International');
insert into t_serve VALUES(134983,'International');
insert into t_serve VALUES(135019,'International');
insert into t_serve VALUES(132754,'Polish');
insert into t_serve VALUES(132872,'Vegetarian');
insert into t_serve VALUES(132877,'Italian');
insert into t_serve VALUES(135086,'Regional');
insert into t_serve VALUES(135076,'Cafeteria');
insert into t_serve VALUES(134986,'Hot Dogs');
insert into t_serve VALUES(135085,'Pizzeria');
insert into t_serve VALUES(132717,'Diner');
insert into t_serve VALUES(135034,'Fast Food');
insert into t_serve VALUES(135057,'Fast Food');
insert into t_serve VALUES(135081,'Mexican');
insert into t_serve VALUES(132847,'Fast Food');
insert into t_serve VALUES(132856,'Mexican');
insert into t_serve VALUES(132846,'Dessert-Ice Cream');
insert into t_serve VALUES(135034,'Bakery');
insert into t_serve VALUES(132872,'American');
insert into t_serve VALUES(135048,'Mexican');
insert into t_serve VALUES(132825,'American');
insert into t_serve VALUES(135016,'Mexican');
insert into t_serve VALUES(132773,'Cafeteria');
insert into t_serve VALUES(135026,'Hot Dogs');
insert into t_serve VALUES(135109,'Mexican');
insert into t_serve VALUES(132845,'Mexican');
insert into t_serve VALUES(135046,'Mexican');
insert into t_serve VALUES(135079,'Mexican');
insert into t_serve VALUES(135076,'Mexican');
insert into t_serve VALUES(135062,'Mexican');
insert into t_serve VALUES(135080,'Mexican');
insert into t_serve VALUES(135047,'Mexican');
insert into t_serve VALUES(135088,'American');
insert into t_serve VALUES(135065,'Cafe-Coffee Shop');
insert into t_serve VALUES(134996,'Mexican');
insert into t_serve VALUES(135104,'Mexican');
insert into t_serve VALUES(132885,'Cafeteria');
insert into t_serve VALUES(135063,'American');
insert into t_serve VALUES(135041,'American');
insert into t_serve VALUES(135075,'Mexican');
insert into t_serve VALUES(135063,'Mexican');
insert into t_serve VALUES(135051,'Fast Food');
insert into t_serve VALUES(135026,'Mexican');
insert into t_serve VALUES(135069,'Mexican');
insert into t_serve VALUES(135021,'Mexican');
insert into t_serve VALUES(135025,'Fast Food');
insert into t_serve VALUES(135013,'Fast Food');
insert into t_serve VALUES(135051,'Mexican');
insert into t_serve VALUES(135055,'Mexican');
insert into t_serve VALUES(135032,'Mexican');
insert into t_serve VALUES(135066,'Italian');
insert into t_serve VALUES(135053,'Italian');
insert into t_serve VALUES(135027,'Mexican');
insert into t_serve VALUES(135066,'Mexican');
insert into t_serve VALUES(135073,'Mexican');
insert into t_serve VALUES(135071,'American');
insert into t_serve VALUES(135039,'American');
insert into t_serve VALUES(135044,'Mexican');
insert into t_serve VALUES(135074,'American');
insert into t_serve VALUES(135042,'American');
insert into t_serve VALUES(135075,'African');
insert into t_serve VALUES(135053,'American');
insert into t_serve VALUES(135081,'African');
insert into t_serve VALUES(135052,'Mexican');
insert into t_serve VALUES(135065,'American');
insert into t_serve VALUES(135058,'American');
insert into t_serve VALUES(135059,'Mexican');
insert into t_serve VALUES(135106,'Mexican');
insert into t_serve VALUES(135050,'Mexican');
insert into t_serve VALUES(135047,'Armenian');
insert into t_serve VALUES(135071,'Armenian');
insert into t_serve VALUES(135104,'American');
insert into t_serve VALUES(135070,'Mexican');
insert into t_serve VALUES(135086,'Armenian');
insert into t_serve VALUES(135060,'Mexican');
insert into t_serve VALUES(135060,'American');
insert into t_serve VALUES(135065,'Mexican');
insert into t_serve VALUES(135064,'American');
insert into t_serve VALUES(135079,'American');
insert into t_serve VALUES(135080,'American');
insert into t_serve VALUES(135070,'Barbecue');
insert into t_serve VALUES(135086,'Thai');
insert into t_serve VALUES(135072,'Japanese');
insert into t_serve VALUES(135081,'American');
insert into t_serve VALUES(135108,'Mexican');
insert into t_serve VALUES(135082,'Bar');
insert into t_serve VALUES(135085,'Mexican');
insert into t_serve VALUES(135041,'Mexican');
insert into t_serve VALUES(134986,'Mexican');
insert into t_serve VALUES(132954,'Mexican');
insert into t_serve VALUES(132869,'Mexican');
insert into t_serve VALUES(135088,'Mexican');
insert into t_serve VALUES(132732,'Mexican');
insert into t_serve VALUES(135043,'Mexican');
insert into t_serve VALUES(132851,'American');
insert into t_serve VALUES(132877,'Mexican');
insert into t_serve VALUES(135011,'Mexican');
insert into t_serve VALUES(135073,'Hot Dogs');
insert into t_serve VALUES(135044,'Hot Dogs');
insert into t_serve VALUES(132723,'Mexican');
insert into t_serve VALUES(135046,'American');
insert into t_serve VALUES(132754,'Fast Food');
insert into t_serve VALUES(135104,'Pizzeria');
insert into t_serve VALUES(135042,'Pizzeria');
insert into t_serve VALUES(135019,'Mexican');
insert into t_serve VALUES(132766,'Korean');
insert into t_serve VALUES(135058,'Mexican');
insert into t_serve VALUES(135019,'Hot Dogs');
insert into t_serve VALUES(134987,'Mexican');
insert into t_serve VALUES(132846,'Mexican');
insert into t_serve VALUES(135016,'American');
insert into t_serve VALUES(135053,'Burgers');
insert into t_serve VALUES(135051,'Burgers');
insert into t_serve VALUES(135063,'Cafeteria');
insert into t_serve VALUES(135049,'Mexican');
insert into t_serve VALUES(135074,'Mexican');
insert into t_serve VALUES(135071,'Mexican');
insert into t_serve VALUES(132922,'Mexican');
insert into t_serve VALUES(135085,'Vietnamese');
insert into t_serve VALUES(135001,'Family');
insert into t_serve VALUES(134992,'Spanish');
insert into t_serve VALUES(135057,'Japanese');
insert into t_serve VALUES(135000,'Family');
insert into t_serve VALUES(135001,'Mexican');
insert into t_serve VALUES(135052,'American');
insert into t_serve VALUES(135052,'Bakery');
insert into t_serve VALUES(135026,'Breakfast-Brunch');
insert into t_serve VALUES(134992,'Burgers');
insert into t_serve VALUES(134987,'Cafe-Coffee Shop');
insert into t_serve VALUES(135027,'Cafeteria');
insert into t_serve VALUES(135001,'Diner');
insert into t_serve VALUES(135065,'Family');
insert into t_serve VALUES(135057,'Mexican');
insert into t_serve VALUES(135075,'Family');
insert into t_serve VALUES(135045,'International');
insert into t_serve VALUES(135040,'Italian');
insert into t_serve VALUES(135041,'International');
insert into t_serve VALUES(135038,'International');
insert into t_serve VALUES(135050,'International');
insert into t_serve VALUES(135066,'Vegetarian');
insert into t_serve VALUES(135059,'American');
insert into t_serve VALUES(135109,'Cafeteria');
insert into t_serve VALUES(135045,'Mexican');
insert into t_serve VALUES(135062,'Armenian');
insert into t_serve VALUES(135082,'Mexican');
insert into t_serve VALUES(135085,'Chinese');
insert into t_serve VALUES(135069,'Chinese');
insert into t_serve VALUES(135055,'Bar');
insert into t_serve VALUES(135066,'Cafeteria');
insert into t_serve VALUES(135063,'Vegetarian');
insert into t_serve VALUES(135064,'Mexican');
insert into t_serve VALUES(135079,'International');
insert into t_serve VALUES(135081,'Game');
insert into t_serve VALUES(135104,'Latin American');
insert into t_serve VALUES(135082,'Fast Food');
insert into t_serve VALUES(135109,'Italian');
insert into t_serve VALUES(132583,'Burgers');
insert into t_serve VALUES(135106,'International');
insert into t_serve VALUES(134986,'International');
insert into t_serve VALUES(132766,'Bakery');
insert into t_serve VALUES(132877,'Cafeteria');
insert into t_serve VALUES(135018,'Bar');
insert into t_serve VALUES(132733,'Mexican');
insert into t_serve VALUES(135073,'Pizzeria');
insert into t_serve VALUES(132630,'Burgers');
insert into t_serve VALUES(135062,'American');
insert into t_serve VALUES(132732,'American');
insert into t_serve VALUES(135026,'Japanese');
insert into t_serve VALUES(132755,'Cafeteria');
insert into t_serve VALUES(132877,'American');
insert into t_serve VALUES(135059,'Italian');
insert into t_serve VALUES(135013,'Afghan');
insert into t_serve VALUES(132755,'Mexican');
insert into t_serve VALUES(135082,'Chinese');
insert into t_serve VALUES(134992,'Mexican');
insert into t_serve VALUES(132921,'Mexican');
insert into t_serve VALUES(132866,'Mexican');
insert into t_serve VALUES(132851,'Mexican');
insert into t_serve VALUES(135044,'Regional');
insert into t_serve VALUES(132858,'Mexican');
insert into t_serve VALUES(132958,'Mexican');
insert into t_serve VALUES(134983,'Mexican');
insert into t_serve VALUES(135034,'Mexican');
insert into t_serve VALUES(135027,'American');
insert into t_serve VALUES(132955,'Mexican');
insert into t_serve VALUES(135060,'Bar');
insert into t_serve VALUES(135082,'Cafeteria');
insert into t_serve VALUES(135035,'Family');
insert into t_serve VALUES(135033,'Pizzeria');
insert into t_serve VALUES(135040,'Mexican');
insert into t_serve VALUES(135072,'American');
insert into t_serve VALUES(134999,'Mexican');
insert into t_serve VALUES(135057,'Bar');
insert into t_serve VALUES(135048,'Burgers');
insert into t_serve VALUES(135025,'Mexican');
insert into t_serve VALUES(135030,'Mexican');
insert into t_serve VALUES(135109,'Breakfast-Brunch');
insert into t_serve VALUES(135046,'African');
insert into t_serve VALUES(135070,'American');
insert into t_serve VALUES(135054,'Mexican');
insert into t_serve VALUES(135075,'Burgers');
insert into t_serve VALUES(135080,'Hot Dogs');
insert into t_serve VALUES(135047,'Bar');
insert into t_serve VALUES(135109,'Bar');
insert into t_serve VALUES(135064,'Bar');
insert into t_serve VALUES(135106,'Bar');
insert into t_serve VALUES(135062,'Bar');
insert into t_serve VALUES(135073,'American');
insert into t_serve VALUES(135086,'American');
insert into t_serve VALUES(135081,'Family');
insert into t_serve VALUES(135106,'American');
insert into t_serve VALUES(135074,'Italian');
insert into t_serve VALUES(135081,'Contemporary');
insert into t_serve VALUES(135108,'American');
insert into t_serve VALUES(135088,'Family');
insert into t_serve VALUES(135086,'Bar');
insert into t_serve VALUES(135106,'Caribbean');
insert into t_serve VALUES(135109,'Family');
insert into t_serve VALUES(135032,'International');
insert into t_serve VALUES(135085,'American');
insert into t_serve VALUES(132951,'Mexican');
insert into t_serve VALUES(132667,'Latin American');
insert into t_serve VALUES(132733,'Cafe-Coffee Shop');
insert into t_serve VALUES(132723,'Cafeteria');
insert into t_serve VALUES(132875,'Mexican');
insert into t_serve VALUES(135085,'Mediterranean');
insert into t_serve VALUES(135076,'Burgers');
insert into t_serve VALUES(134983,'Seafood');
insert into t_serve VALUES(134987,'Italian');
insert into t_serve VALUES(135075,'Bar');
insert into t_serve VALUES(135027,'Bar Pub Brewery');
insert into t_serve VALUES(132875,'Bar');
insert into t_serve VALUES(135034,'Bar Pub Brewery');
insert into t_serve VALUES(132954,'Mediterranean');
insert into t_serve VALUES(135066,'Bar');
insert into t_serve VALUES(135074,'Bar Pub Brewery');
insert into t_serve VALUES(135021,'Bar');
insert into t_serve VALUES(135039,'Cafe-Coffee Shop');
insert into t_serve VALUES(135045,'Cafeteria');
insert into t_serve VALUES(135053,'Japanese');
insert into t_serve VALUES(132862,'Mexican');
insert into t_serve VALUES(135047,'Chinese');
insert into t_serve VALUES(132858,'Bar');
insert into t_serve VALUES(132845,'Bar Pub Brewery');
insert into t_serve VALUES(132830,'Mexican');
insert into t_serve VALUES(135076,'Bar');
insert into t_serve VALUES(134976,'Bar Pub Brewery');
insert into t_serve VALUES(132875,'Contemporary');
insert into t_serve VALUES(135108,'Bar');
insert into t_serve VALUES(135033,'Bar');
insert into t_serve VALUES(135039,'Mexican');
insert into t_serve VALUES(135071,'Fast Food');
insert into t_serve VALUES(132870,'Bar');
insert into t_serve VALUES(135069,'Bar');
insert into t_serve VALUES(135081,'Bar Pub Brewery');
insert into t_serve VALUES(135054,'Cafe-Coffee Shop');
insert into t_serve VALUES(134986,'Cafeteria');
insert into t_serve VALUES(135071,'Seafood');
insert into t_serve VALUES(135062,'Cafeteria');
insert into t_serve VALUES(134996,'Contemporary');
insert into t_serve VALUES(132958,'Japanese');
insert into t_serve VALUES(135050,'Italian');
insert into t_serve VALUES(135041,'Bar');
insert into t_serve VALUES(135082,'Seafood');
insert into t_serve VALUES(134996,'Bar');
insert into t_serve VALUES(135058,'Cafeteria');
insert into t_serve VALUES(135049,'Chinese');
insert into t_serve VALUES(135052,'Fast Food');
insert into t_serve VALUES(135063,'Pizzeria');
insert into t_serve VALUES(135059,'Chinese');
insert into t_serve VALUES(135042,'Fast Food');
insert into t_serve VALUES(135052,'Bar');
insert into t_serve VALUES(135066,'Seafood');
insert into t_serve VALUES(135026,'Bar');
insert into t_serve VALUES(135064,'Bar Pub Brewery');
insert into t_serve VALUES(135038,'Cafeteria');
insert into t_serve VALUES(135062,'Pizzeria');
insert into t_serve VALUES(135042,'Bar');
insert into t_serve VALUES(135074,'Bar');
insert into t_serve VALUES(135035,'Pizzeria');
insert into t_serve VALUES(135088,'Bar');
insert into t_serve VALUES(135033,'Seafood');
insert into t_serve VALUES(135072,'Contemporary');
insert into t_serve VALUES(135035,'Bar');
insert into t_serve VALUES(135043,'Japanese');
insert into t_serve VALUES(135079,'Bar Pub Brewery');
insert into t_serve VALUES(135051,'Contemporary');
insert into t_serve VALUES(135086,'Seafood');
insert into t_serve VALUES(135108,'Chinese');
insert into t_serve VALUES(135059,'Fast Food');
insert into t_serve VALUES(135063,'Burgers');
insert into t_serve VALUES(135049,'Cafeteria');
insert into t_serve VALUES(135058,'Seafood');
insert into t_serve VALUES(135059,'Japanese');
insert into t_serve VALUES(135076,'Sushi');
insert into t_serve VALUES(135071,'Cafe-Coffee Shop');
insert into t_serve VALUES(135070,'Cafeteria');
insert into t_serve VALUES(135104,'Contemporary');
insert into t_serve VALUES(135108,'Deli-Sandwiches');
insert into t_serve VALUES(135108,'Diner');
insert into t_serve VALUES(135066,'Brazilian');
insert into t_serve VALUES(135076,'Latin American');
insert into t_serve VALUES(135074,'Steaks');
insert into t_serve VALUES(135086,'Asian');
insert into t_serve VALUES(135080,'Dessert-Ice Cream');
insert into t_serve VALUES(135088,'Mongolian');
insert into t_serve VALUES(135075,'Steaks');
insert into t_serve VALUES(135082,'Vegetarian');
insert into t_serve VALUES(135088,'Steaks');
insert into t_serve VALUES(135106,'Steaks');
insert into t_serve VALUES(135085,'Latin American');
insert into t_serve VALUES(135104,'Steaks');
insert into t_serve VALUES(135104,'Burgers');
insert into t_serve VALUES(135106,'Dessert-Ice Cream');
insert into t_serve VALUES(135108,'Fast Food');
insert into t_serve VALUES(135109,'Hot Dogs');
insert into t_serve VALUES(132613,'Mexican');
insert into t_serve VALUES(132925,'Fast Food');
insert into t_serve VALUES(135038,'Latin American');
insert into t_serve VALUES(132663,'Italian');
insert into t_serve VALUES(135074,'Spanish');


insert into t_customer VALUES(1001,1989,69,1.77,'Medium','No','Abstemious','Informal','Family','On Foot','Single','Student');
insert into t_customer VALUES(1002,1990,40,1.87,'Low','No','Abstemious','Informal','Family','Public','Single','Student');
insert into t_customer VALUES(1003,1989,60,1.69,'Low','No','Social Drinker','Formal','Family','Public','Single','Student');
insert into t_customer VALUES(1004,1940,44,1.53,'Medium','No','Abstemious','Informal','Family','Public','Single','Professional');
insert into t_customer VALUES(1005,1992,65,1.69,'Medium','No','Abstemious','No Preference','Family','Public','Single','Student');
insert into t_customer VALUES(1006,1989,75,1.8,'Medium','Yes','Social Drinker','No Preference','Friends','Car Owner','Single','Student');
insert into t_customer VALUES(1007,1989,60,1.59,'Low','No','Casual Drinker','Informal','Solitary','Public','Single','Student');
insert into t_customer VALUES(1008,1989,68,1.72,'Low','No','Social Drinker','Formal','Solitary','Public','Single','Student');
insert into t_customer VALUES(1009,1991,75,1.78,'Medium','No','Abstemious','Formal','Family','On Foot','Single','Student');
insert into t_customer VALUES(1010,1987,40,1.67,'Medium','No','Social Drinker','No Preference','Friends','Car Owner','Married','Student');
insert into t_customer VALUES(1011,1989,68,1.78,'Medium','No','Abstemious','No Preference','Family','Public','Single','Student');
insert into t_customer VALUES(1012,1988,98,1.84,'Medium','No','Casual Drinker','Formal','Family','Public','Single','Student');
insert into t_customer VALUES(1013,1982,80,1.75,'Medium','No','Abstemious','No Preference','Friends','Public','Widow','Professional');
insert into t_customer VALUES(1014,1990,53,1.69,'Medium','No','Abstemious','NA','Friends','Public','Single','Student');
insert into t_customer VALUES(1015,1989,87,1.67,'Medium','Yes','Social Drinker','Informal','Family','Public','Single','Student');
insert into t_customer VALUES(1016,1991,70,1.67,'Medium','No','Casual Drinker','Informal','Friends','On Foot','Single','Student');
insert into t_customer VALUES(1017,1991,79,1.79,'Medium','No','Casual Drinker','Formal','Family','Public','Single','Professional');
insert into t_customer VALUES(1018,1989,65,1.83,'Low','Yes','Casual Drinker','Formal','Friends','Public','Single','Student');
insert into t_customer VALUES(1019,1989,59,1.6,'Medium','No','Casual Drinker','No Preference','Family','Public','Single','Student');
insert into t_customer VALUES(1020,1982,40,1.68,'Medium','No','Abstemious','No Preference','Friends','Public','Single','Professional');
insert into t_customer VALUES(1021,1984,108,1.62,'Medium','No','Social Drinker','No Preference','Family','Car Owner','Single','Student');
insert into t_customer VALUES(1022,1990,46,1.54,'Medium','No','Casual Drinker','Formal','Family','Car Owner','Single','Student');
insert into t_customer VALUES(1023,1988,103,1.79,'Low','No','Casual Drinker','Informal','Friends','Car Owner','Single','Student');
insert into t_customer VALUES(1024,1930,40,1.2,'NA','?','Abstemious','NA','NA','NA','NA','NA');
insert into t_customer VALUES(1025,1990,65,1.79,'Medium','No','Social Drinker','No Preference','Family','Public','Single','Student');
insert into t_customer VALUES(1026,1989,49,1.55,'Medium','No','Abstemious','Formal','Family','Public','Single','Student');
insert into t_customer VALUES(1027,1989,60,1.65,'Low','Yes','Social Drinker','No Preference','NA','Public','Single','Student');
insert into t_customer VALUES(1028,1989,77,1.63,'Medium','No','Abstemious','No Preference','Family','Public','Single','Student');
insert into t_customer VALUES(1029,1990,58,1.6,'Low','Yes','Casual Drinker','Formal','Family','Public','Single','Student');
insert into t_customer VALUES(1030,1991,64,1.75,'Medium','No','Casual Drinker','Formal','Family','On Foot','Single','Student');
insert into t_customer VALUES(1031,1992,40,1.6,'Medium','No','Abstemious','Informal','Solitary','NA','Married','Unemployed');
insert into t_customer VALUES(1032,1989,40,1.75,'Medium','No','Abstemious','Formal','Family','Public','Single','Student');
insert into t_customer VALUES(1033,1991,54,1.6,'Low','No','Social Drinker','No Preference','Family','On Foot','Single','Student');
insert into t_customer VALUES(1034,1990,50,1.58,'Medium','No','Casual Drinker','Informal','Family','Public','Single','Student');
insert into t_customer VALUES(1035,1985,69,1.75,'Medium','Yes','Casual Drinker','No Preference','Friends','Car Owner','Single','Student');
insert into t_customer VALUES(1036,1991,76,1.7,'Medium','No','Social Drinker','Informal','Family','Public','Single','Student');
insert into t_customer VALUES(1037,1990,52,1.5,'Low','No','Social Drinker','No Preference','Family','Public','Single','Student');
insert into t_customer VALUES(1038,1930,97,1.83,'Low','Yes','Social Drinker','No Preference','Family','Public','Single','Student');
insert into t_customer VALUES(1039,1989,83,1.73,'Medium','No','Social Drinker','No Preference','Friends','NA','Single','Student');
insert into t_customer VALUES(1040,1994,73,1.64,'Medium','No','Abstemious','No Preference','Friends','Public','Single','Student');
insert into t_customer VALUES(1041,1985,40,1.62,'Medium','No','Abstemious','No Preference','Friends','On Foot','Single','Professional');
insert into t_customer VALUES(1042,1943,40,1.4,'High','No','Abstemious','No Preference','Family','Car Owner','Single','Student');
insert into t_customer VALUES(1043,1989,60,1.64,'Medium','No','Abstemious','No Preference','Solitary','Public','Single','Student');
insert into t_customer VALUES(1044,1969,85,1.73,'Medium','Yes','Social Drinker','Informal','Family','Car Owner','Married','Professional');
insert into t_customer VALUES(1045,1991,68,1.6,'High','No','Casual Drinker','Elegant','Friends','Car Owner','Single','Student');
insert into t_customer VALUES(1046,1990,82,1.84,'Medium','No','Social Drinker','No Preference','Friends','Car Owner','Single','Student');
insert into t_customer VALUES(1047,1992,60,1.63,'Medium','No','Abstemious','No Preference','Family','Public','Single','Student');
insert into t_customer VALUES(1048,1988,65,1.7,'Medium','Yes','Casual Drinker','No Preference','NA','Public','Single','Student');
insert into t_customer VALUES(1049,1991,55,1.6,'NA','No','Casual Drinker','Informal','Solitary','Public','Single','Student');
insert into t_customer VALUES(1050,1989,73,1.71,'Medium','No','Social Drinker','No Preference','Family','Car Owner','Single','Student');
insert into t_customer VALUES(1051,1979,74,1.76,'Medium','No','Casual Drinker','No Preference','Family','Public','Single','Professional');
insert into t_customer VALUES(1052,1990,85,1.8,'Low','Yes','Social Drinker','No Preference','Family','On Foot','Single','Student');
insert into t_customer VALUES(1053,1990,66,1.72,'Low','No','Casual Drinker','Informal','Family','Public','Single','Student');
insert into t_customer VALUES(1054,1992,59,1.7,'Medium','No','Social Drinker','Formal','Family','Public','Single','Student');
insert into t_customer VALUES(1055,1952,70,1.66,'Medium','No','Abstemious','No Preference','Family','Car Owner','Married','Professional');
insert into t_customer VALUES(1056,1930,61,1.62,'Medium','No','Social Drinker','Informal','Family','On Foot','Single','Student');
insert into t_customer VALUES(1057,1989,69,1.83,'Medium','Yes','Casual Drinker','Formal','Friends','Public','Single','Student');
insert into t_customer VALUES(1058,1991,74,1.78,'Low','No','Abstemious','Formal','Family','Public','Single','Student');
insert into t_customer VALUES(1059,1987,57,1.69,'Medium','No','Abstemious','Formal','Friends','On Foot','Single','Student');
insert into t_customer VALUES(1060,1991,82,1.84,'Medium','No','Casual Drinker','Formal','Family','Public','Single','Student');
insert into t_customer VALUES(1061,1990,40,1.76,'Medium','No','Social Drinker','No Preference','Friends','Car Owner','Single','Professional');
insert into t_customer VALUES(1062,1985,88,1.68,'Medium','No','Casual Drinker','Informal','Friends','Car Owner','Single','Student');
insert into t_customer VALUES(1063,1988,80,1.78,'Medium','No','Casual Drinker','Formal','Family','Public','Single','Student');
insert into t_customer VALUES(1064,1991,94,1.77,'Medium','No','Casual Drinker','Formal','Solitary','Public','Single','Student');
insert into t_customer VALUES(1065,1989,55,1.72,'Medium','No','Abstemious','Formal','Friends','Public','Single','Student');
insert into t_customer VALUES(1066,1986,45,1.45,'Low','No','Abstemious','Informal','Solitary','Public','Single','Student');
insert into t_customer VALUES(1067,1987,92,1.73,'Medium','No','Abstemious','No Preference','Family','Public','Single','Student');
insert into t_customer VALUES(1068,1988,72,1.57,'Low','No','Casual Drinker','Informal','Friends','Public','Single','Student');
insert into t_customer VALUES(1069,1983,60,1.56,'Medium','No','Social Drinker','No Preference','Family','Public','Single','Professional');
insert into t_customer VALUES(1070,1991,47,1.6,'Low','No','Casual Drinker','Informal','Friends','Public','Single','Student');
insert into t_customer VALUES(1071,1930,40,1.73,'High','No','Abstemious','Formal','Friends','Car Owner','Single','Student');
insert into t_customer VALUES(1072,1984,50,1.54,'Medium','No','Casual Drinker','No Preference','Family','Public','Single','Student');
insert into t_customer VALUES(1073,1989,118,1.79,'Medium','No','Abstemious','Informal','Solitary','Car Owner','Widow','Unemployed');
insert into t_customer VALUES(1074,1967,68,1.7,'Medium','Yes','Casual Drinker','No Preference','Family','Car Owner','Single','Professional');
insert into t_customer VALUES(1075,1991,68,1.6,'Medium','No','Casual Drinker','Informal','Family','Car Owner','Single','Student');
insert into t_customer VALUES(1076,1987,65,1.71,'Medium','No','Social Drinker','Elegant','Family','Public','Married','Student');
insert into t_customer VALUES(1077,1987,65,1.71,'Medium','No','Social Drinker','Elegant','Family','Public','Married','Student');
insert into t_customer VALUES(1078,1983,69,1.69,'Medium','Yes','Social Drinker','Informal','Solitary','Car Owner','Single','Professional');
insert into t_customer VALUES(1079,1992,53,1.55,'Medium','No','Abstemious','Formal','Family','Public','Single','NA');
insert into t_customer VALUES(1080,1987,80,1.82,'Low','Yes','Social Drinker','Formal','Friends','Car Owner','Single','Student');
insert into t_customer VALUES(1081,1991,52,1.54,'Low','No','Casual Drinker','Informal','Family','Public','Single','Student');
insert into t_customer VALUES(1082,1989,63,1.69,'Medium','Yes','Abstemious','Informal','Friends','Public','Single','Student');
insert into t_customer VALUES(1083,1981,40,1.6,'NA','No','Abstemious','NA','NA','NA','NA','NA');
insert into t_customer VALUES(1084,1991,65,1.6,'Medium','Yes','Casual Drinker','Formal','Family','Public','Single','Student');
insert into t_customer VALUES(1085,1988,84,1.7,'NA','No','Abstemious','No Preference','Solitary','Car Owner','Single','Student');
insert into t_customer VALUES(1086,1991,49,1.59,'Medium','No','Social Drinker','No Preference','Family','Car Owner','Single','Student');
insert into t_customer VALUES(1087,1989,53,1.55,'Medium','No','Abstemious','No Preference','Solitary','Public','Single','Student');
insert into t_customer VALUES(1088,1991,62,1.6,'Medium','No','Social Drinker','Informal','Family','On Foot','Single','Student');
insert into t_customer VALUES(1089,1990,54,1.6,'Low','Yes','Casual Drinker','Informal','Family','Public','Single','Student');
insert into t_customer VALUES(1090,1988,50,1.54,'Medium','No','Social Drinker','No Preference','Friends','Car Owner','Single','Student');
insert into t_customer VALUES(1091,1989,40,1.7,'Low','No','Casual Drinker','No Preference','Family','Car Owner','Single','Student');
insert into t_customer VALUES(1092,1990,70,1.69,'Medium','No','Abstemious','Formal','Solitary','Public','Single','NA');
insert into t_customer VALUES(1093,1990,80,1.67,'Medium','Yes','Casual Drinker','No Preference','Family','Car Owner','Single','Student');
insert into t_customer VALUES(1094,1991,59,1.71,'Medium','No','Abstemious','Informal','Friends','Public','Single','Student');
insert into t_customer VALUES(1095,1986,65,1.65,'Medium','No','Abstemious','Formal','Family','Public','Married','Student');
insert into t_customer VALUES(1096,1990,40,1.2,'Medium','No','Abstemious','Formal','Family','Public','Single','Student');
insert into t_customer VALUES(1097,1990,58,1.64,'Medium','No','Abstemious','Formal','Family','Public','Single','Student');
insert into t_customer VALUES(1098,1991,68,1.76,'Medium','No','Social Drinker','Formal','Family','Public','Single','Student');
insert into t_customer VALUES(1099,1989,70,2,'High','Yes','Social Drinker','Informal','Family','Public','Single','Student');
insert into t_customer VALUES(1100,1990,40,1.65,'Medium','No','Casual Drinker','Formal','Friends','Public','Single','Student');
insert into t_customer VALUES(1101,1988,50,1.69,'Low','No','Casual Drinker','No Preference','Friends','Car Owner','Single','Student');
insert into t_customer VALUES(1102,1989,90,1.78,'Low','No','Social Drinker','No Preference','Friends','On Foot','Single','Student');
insert into t_customer VALUES(1103,1989,120,1.9,'Medium','No','Abstemious','Formal','Friends','Public','Single','Professional');
insert into t_customer VALUES(1104,1991,75,1.71,'Medium','Yes','Social Drinker','No Preference','Family','Car Owner','Single','Student');
insert into t_customer VALUES(1105,1991,40,1.74,'Medium','No','Social Drinker','Formal','Family','Public','Single','Student');
insert into t_customer VALUES(1106,1930,65,1.71,'Medium','No','Casual Drinker','Informal','Friends','Car Owner','Single','Professional');
insert into t_customer VALUES(1107,1989,87,1.79,'High','No','Abstemious','No Preference','Friends','Car Owner','Single','NA');
insert into t_customer VALUES(1108,1983,76,1.81,'Medium','No','Abstemious','Informal','Solitary','Public','Single','Student');
insert into t_customer VALUES(1109,1989,57,1.72,'Low','No','Abstemious','Formal','Solitary','Public','Single','Student');
insert into t_customer VALUES(1110,1993,85,1.75,'Medium','No','Abstemious','No Preference','Family','Car Owner','Single','Student');
insert into t_customer VALUES(1111,1991,69,1.69,'Medium','Yes','Casual Drinker','Formal','Friends','Car Owner','Single','Student');
insert into t_customer VALUES(1112,1991,69,1.69,'Medium','Yes','Casual Drinker','Formal','Friends','Car Owner','Single','Student');
insert into t_customer VALUES(1113,1990,75,1.73,'Medium','No','Casual Drinker','Formal','Family','Public','Single','Student');
insert into t_customer VALUES(1114,1991,58,1.68,'Medium','No','Abstemious','No Preference','Family','On Foot','Single','Student');
insert into t_customer VALUES(1115,1990,76,1.76,'Low','Yes','Social Drinker','Elegant','Friends','Public','Single','Student');
insert into t_customer VALUES(1116,1987,40,1.71,'Medium','No','Social Drinker','Formal','Family','Public','Married','Student');
insert into t_customer VALUES(1117,1982,58,1.6,'Medium','No','Abstemious','No Preference','Friends','Public','Single','Professional');
insert into t_customer VALUES(1118,1987,60,1.68,'Medium','Yes','Casual Drinker','Informal','Friends','Public','Single','Student');
insert into t_customer VALUES(1119,1992,68,1.68,'Medium','No','Abstemious','Formal','Family','Public','Single','Student');
insert into t_customer VALUES(1120,1930,47,1.57,'Low','No','Abstemious','Informal','Friends','Public','Single','Student');
insert into t_customer VALUES(1121,1987,90,1.6,'Medium','No','Social Drinker','No Preference','Family','Public','Married','Working-Class');
insert into t_customer VALUES(1122,1930,40,1.2,'NA','?','Abstemious','NA','NA','NA','NA','NA');
insert into t_customer VALUES(1123,1987,110,1.75,'Medium','No','Abstemious','Informal','Family','NA','Single','Student');
insert into t_customer VALUES(1124,1991,51,1.2,'Low','No','Casual Drinker','Informal','Friends','Public','Single','Student');
insert into t_customer VALUES(1125,1990,57,1.67,'Low','No','Casual Drinker','Formal','Friends','Public','Single','Student');
insert into t_customer VALUES(1126,1990,65,1.63,'Low','No','Casual Drinker','Formal','Friends','On Foot','Single','Student');
insert into t_customer VALUES(1127,1992,65,1.76,'Low','No','Abstemious','No Preference','Solitary','Public','Single','Student');
insert into t_customer VALUES(1128,1986,66,1.72,'Low','No','Casual Drinker','No Preference','Friends','Public','Single','Student');
insert into t_customer VALUES(1129,1989,69,1.69,'Low','No','Casual Drinker','No Preference','Friends','Public','Single','Student');
insert into t_customer VALUES(1130,1989,40,1.2,'NA','?','Abstemious','NA','NA','NA','NA','NA');
insert into t_customer VALUES(1131,1990,90,1.8,'Medium','Yes','Social Drinker','No Preference','Friends','Car Owner','Married','Student');
insert into t_customer VALUES(1132,1991,55,1.6,'NA','No','Casual Drinker','Informal','Solitary','Public','Single','Student');
insert into t_customer VALUES(1133,1991,60,1.57,'Medium','No','Abstemious','No Preference','Family','Car Owner','Single','Student');
insert into t_customer VALUES(1134,1991,52,1.65,'Medium','No','Casual Drinker','No Preference','Family','Public','Single','Student');
insert into t_customer VALUES(1135,1988,66,1.54,'Low','No','Casual Drinker','Informal','Family','On Foot','Single','Student');
insert into t_customer VALUES(1136,1990,50,1.6,'Low','Yes','Social Drinker','No Preference','Friends','Car Owner','Single','Student');
insert into t_customer VALUES(1137,1989,72,1.78,'Low','No','Social Drinker','Formal','Family','Public','Single','Student');
insert into t_customer VALUES(1138,1991,54,1.55,'Medium','No','Social Drinker','Formal','Friends','Public','Single','Student');


insert into t_rating VALUES(1077,135085,2,2);
insert into t_rating VALUES(1077,135038,2,1);
insert into t_rating VALUES(1077,132825,2,2);
insert into t_rating VALUES(1077,135060,2,2);
insert into t_rating VALUES(1068,135104,1,2);
insert into t_rating VALUES(1068,132740,0,0);
insert into t_rating VALUES(1068,132663,1,1);
insert into t_rating VALUES(1068,132732,0,0);
insert into t_rating VALUES(1068,132630,1,1);
insert into t_rating VALUES(1067,132584,2,2);
insert into t_rating VALUES(1067,132733,1,1);
insert into t_rating VALUES(1067,132732,2,2);
insert into t_rating VALUES(1067,132630,0,1);
insert into t_rating VALUES(1067,135104,0,0);
insert into t_rating VALUES(1067,132560,0,0);
insert into t_rating VALUES(1103,132584,2,1);
insert into t_rating VALUES(1103,132732,0,2);
insert into t_rating VALUES(1103,132630,2,0);
insert into t_rating VALUES(1103,132613,2,2);
insert into t_rating VALUES(1103,132667,2,2);
insert into t_rating VALUES(1103,135104,2,0);
insert into t_rating VALUES(1103,132663,0,2);
insert into t_rating VALUES(1103,132733,2,2);
insert into t_rating VALUES(1107,132660,2,1);
insert into t_rating VALUES(1107,132584,2,2);
insert into t_rating VALUES(1107,132733,2,2);
insert into t_rating VALUES(1044,135088,2,2);
insert into t_rating VALUES(1044,132583,2,1);
insert into t_rating VALUES(1070,132608,2,1);
insert into t_rating VALUES(1070,132609,1,1);
insert into t_rating VALUES(1070,132613,1,0);
insert into t_rating VALUES(1031,132663,0,0);
insert into t_rating VALUES(1031,132665,0,0);
insert into t_rating VALUES(1031,132668,0,0);
insert into t_rating VALUES(1082,132630,1,1);
insert into t_rating VALUES(1023,132715,0,0);
insert into t_rating VALUES(1023,132717,0,0);
insert into t_rating VALUES(1082,132613,0,0);
insert into t_rating VALUES(1082,132594,0,0);
insert into t_rating VALUES(1082,132608,0,0);
insert into t_rating VALUES(1082,132609,0,0);
insert into t_rating VALUES(1082,132663,0,0);
insert into t_rating VALUES(1082,132560,0,0);
insert into t_rating VALUES(1060,132564,2,2);
insert into t_rating VALUES(1060,132717,2,2);
insert into t_rating VALUES(1060,132733,1,2);
insert into t_rating VALUES(1060,132740,2,1);
insert into t_rating VALUES(1015,135071,0,0);
insert into t_rating VALUES(1123,132733,2,1);
insert into t_rating VALUES(1123,132608,2,1);
insert into t_rating VALUES(1123,135104,2,2);
insert into t_rating VALUES(1123,132584,2,0);
insert into t_rating VALUES(1123,132667,2,1);
insert into t_rating VALUES(1123,132740,1,1);
insert into t_rating VALUES(1123,132613,2,1);
insert into t_rating VALUES(1123,132594,1,1);
insert into t_rating VALUES(1021,132740,2,1);
insert into t_rating VALUES(1026,132626,2,2);
insert into t_rating VALUES(1021,132668,2,2);
insert into t_rating VALUES(1021,132715,2,1);
insert into t_rating VALUES(1044,134987,0,0);
insert into t_rating VALUES(1083,135034,2,2);
insert into t_rating VALUES(1083,132723,1,1);
insert into t_rating VALUES(1083,135046,2,1);
insert into t_rating VALUES(1108,135075,2,2);
insert into t_rating VALUES(1108,132572,2,1);
insert into t_rating VALUES(1108,135074,2,1);
insert into t_rating VALUES(1108,135028,1,1);
insert into t_rating VALUES(1108,135085,2,1);
insert into t_rating VALUES(1108,135032,1,2);
insert into t_rating VALUES(1108,135086,1,0);
insert into t_rating VALUES(1108,132723,2,2);
insert into t_rating VALUES(1108,135046,2,1);
insert into t_rating VALUES(1108,135058,1,1);
insert into t_rating VALUES(1012,135001,1,2);
insert into t_rating VALUES(1012,134983,2,2);
insert into t_rating VALUES(1012,134996,2,2);
insert into t_rating VALUES(1093,135019,2,2);
insert into t_rating VALUES(1093,134996,2,2);
insert into t_rating VALUES(1093,135001,2,2);
insert into t_rating VALUES(1093,134976,2,1);
insert into t_rating VALUES(1093,134999,2,2);
insert into t_rating VALUES(1030,135018,2,2);
insert into t_rating VALUES(1093,135013,2,1);
insert into t_rating VALUES(1030,134986,2,2);
insert into t_rating VALUES(1012,134986,2,2);
insert into t_rating VALUES(1012,135018,2,2);
insert into t_rating VALUES(1030,135088,0,1);
insert into t_rating VALUES(1093,132767,2,2);
insert into t_rating VALUES(1030,135016,0,0);
insert into t_rating VALUES(1093,135011,1,0);
insert into t_rating VALUES(1030,132767,0,0);
insert into t_rating VALUES(1030,135019,0,0);
insert into t_rating VALUES(1030,135109,0,0);
insert into t_rating VALUES(1030,134996,0,0);
insert into t_rating VALUES(1066,135011,2,2);
insert into t_rating VALUES(1066,134999,1,1);
insert into t_rating VALUES(1127,134975,2,2);
insert into t_rating VALUES(1127,135021,1,1);
insert into t_rating VALUES(1127,134987,0,2);
insert into t_rating VALUES(1127,134996,2,2);
insert into t_rating VALUES(1017,132768,1,1);
insert into t_rating VALUES(1066,135019,1,0);
insert into t_rating VALUES(1017,134975,1,1);
insert into t_rating VALUES(1017,134983,0,1);
insert into t_rating VALUES(1066,132767,2,1);
insert into t_rating VALUES(1100,135021,1,0);
insert into t_rating VALUES(1100,134996,1,1);
insert into t_rating VALUES(1066,135013,2,2);
insert into t_rating VALUES(1100,135000,1,1);
insert into t_rating VALUES(1100,135001,2,2);
insert into t_rating VALUES(1100,132768,2,2);
insert into t_rating VALUES(1100,134976,2,1);
insert into t_rating VALUES(1133,134983,1,1);
insert into t_rating VALUES(1133,134986,2,2);
insert into t_rating VALUES(1133,132766,1,0);
insert into t_rating VALUES(1133,132767,0,0);
insert into t_rating VALUES(1133,135021,2,2);
insert into t_rating VALUES(1133,135001,2,2);
insert into t_rating VALUES(1133,134975,1,1);
insert into t_rating VALUES(1133,134992,2,1);
insert into t_rating VALUES(1133,135019,2,0);
insert into t_rating VALUES(1118,134987,0,0);
insert into t_rating VALUES(1072,135016,2,2);
insert into t_rating VALUES(1072,132773,1,2);
insert into t_rating VALUES(1072,135088,1,0);
insert into t_rating VALUES(1026,132561,1,1);
insert into t_rating VALUES(1026,132706,2,0);
insert into t_rating VALUES(1026,132654,0,0);
insert into t_rating VALUES(1026,132665,2,2);
insert into t_rating VALUES(1023,132740,0,0);
insert into t_rating VALUES(1023,132733,2,2);
insert into t_rating VALUES(1080,132668,1,1);
insert into t_rating VALUES(1080,132660,2,2);
insert into t_rating VALUES(1080,132733,1,1);
insert into t_rating VALUES(1080,132608,2,2);
insert into t_rating VALUES(1063,132660,2,2);
insert into t_rating VALUES(1063,132584,1,1);
insert into t_rating VALUES(1063,132609,0,1);
insert into t_rating VALUES(1063,135104,2,1);
insert into t_rating VALUES(1063,132667,2,1);
insert into t_rating VALUES(1080,132564,1,1);
insert into t_rating VALUES(1080,132715,1,1);
insert into t_rating VALUES(1082,132732,0,0);
insert into t_rating VALUES(1082,132733,0,0);
insert into t_rating VALUES(1074,135011,1,2);
insert into t_rating VALUES(1074,134987,2,2);
insert into t_rating VALUES(1074,134976,2,2);
insert into t_rating VALUES(1117,135018,1,1);
insert into t_rating VALUES(1117,132766,0,1);
insert into t_rating VALUES(1117,135088,1,2);
insert into t_rating VALUES(1117,135016,2,1);
insert into t_rating VALUES(1117,132773,2,2);
insert into t_rating VALUES(1117,135000,1,1);
insert into t_rating VALUES(1118,132583,0,0);
insert into t_rating VALUES(1118,132768,0,0);
insert into t_rating VALUES(1118,135021,0,0);
insert into t_rating VALUES(1118,134983,0,0);
insert into t_rating VALUES(1118,135001,0,0);
insert into t_rating VALUES(1118,134992,0,0);
insert into t_rating VALUES(1020,135088,2,0);
insert into t_rating VALUES(1020,132768,2,2);
insert into t_rating VALUES(1020,134996,1,1);
insert into t_rating VALUES(1020,135109,2,1);
insert into t_rating VALUES(1051,135088,1,1);
insert into t_rating VALUES(1051,135109,1,1);
insert into t_rating VALUES(1051,132768,2,1);
insert into t_rating VALUES(1055,135051,2,2);
insert into t_rating VALUES(1055,135075,2,2);
insert into t_rating VALUES(1055,132572,2,2);
insert into t_rating VALUES(1055,135028,2,2);
insert into t_rating VALUES(1055,135025,2,2);
insert into t_rating VALUES(1083,132572,2,2);
insert into t_rating VALUES(1083,135049,0,0);
insert into t_rating VALUES(1055,135106,2,2);
insert into t_rating VALUES(1083,135072,2,2);
insert into t_rating VALUES(1083,135074,2,2);
insert into t_rating VALUES(1083,132755,2,2);
insert into t_rating VALUES(1083,135044,2,2);
insert into t_rating VALUES(1055,135048,2,2);
insert into t_rating VALUES(1055,135047,2,2);
insert into t_rating VALUES(1055,132754,2,2);
insert into t_rating VALUES(1055,132825,2,2);
insert into t_rating VALUES(1053,135076,1,1);
insert into t_rating VALUES(1053,135032,2,1);
insert into t_rating VALUES(1053,132825,2,0);
insert into t_rating VALUES(1053,135063,1,2);
insert into t_rating VALUES(1035,135018,2,1);
insert into t_rating VALUES(1035,132773,1,2);
insert into t_rating VALUES(1053,135042,1,2);
insert into t_rating VALUES(1053,135053,2,0);
insert into t_rating VALUES(1053,132754,2,1);
insert into t_rating VALUES(1035,132583,0,2);
insert into t_rating VALUES(1053,135081,2,1);
insert into t_rating VALUES(1053,135025,1,2);
insert into t_rating VALUES(1053,135038,1,2);
insert into t_rating VALUES(1053,135060,2,1);
insert into t_rating VALUES(1053,135062,1,1);
insert into t_rating VALUES(1053,135047,2,2);
insert into t_rating VALUES(1064,135042,2,1);
insert into t_rating VALUES(1081,135069,0,1);
insert into t_rating VALUES(1064,135057,1,2);
insert into t_rating VALUES(1081,135076,2,2);
insert into t_rating VALUES(1081,135043,0,1);
insert into t_rating VALUES(1064,135069,0,1);
insert into t_rating VALUES(1081,135039,0,0);
insert into t_rating VALUES(1064,135060,0,1);
insert into t_rating VALUES(1064,135052,0,2);
insert into t_rating VALUES(1081,132825,0,1);
insert into t_rating VALUES(1081,135032,1,1);
insert into t_rating VALUES(1081,135028,2,2);
insert into t_rating VALUES(1081,135085,2,1);
insert into t_rating VALUES(1081,135052,1,1);
insert into t_rating VALUES(1081,135030,1,1);
insert into t_rating VALUES(1081,135027,1,1);
insert into t_rating VALUES(1001,132830,1,1);
insert into t_rating VALUES(1001,132825,2,1);
insert into t_rating VALUES(1014,135076,2,1);
insert into t_rating VALUES(1088,132830,2,2);
insert into t_rating VALUES(1088,135108,2,2);
insert into t_rating VALUES(1014,135069,0,1);
insert into t_rating VALUES(1014,135050,2,2);
insert into t_rating VALUES(1088,135057,2,2);
insert into t_rating VALUES(1014,135081,1,1);
insert into t_rating VALUES(1014,135057,0,2);
insert into t_rating VALUES(1014,135070,2,2);
insert into t_rating VALUES(1088,135041,2,2);
insert into t_rating VALUES(1088,135069,2,2);
insert into t_rating VALUES(1088,135082,2,2);
insert into t_rating VALUES(1014,135043,0,0);
insert into t_rating VALUES(1014,135042,1,0);
insert into t_rating VALUES(1088,135071,0,0);
insert into t_rating VALUES(1088,135054,2,2);
insert into t_rating VALUES(1088,135070,2,1);
insert into t_rating VALUES(1014,135066,1,2);
insert into t_rating VALUES(1088,135032,2,2);
insert into t_rating VALUES(1088,135081,2,2);
insert into t_rating VALUES(1088,135051,1,2);
insert into t_rating VALUES(1014,132830,2,1);
insert into t_rating VALUES(1014,135082,0,0);
insert into t_rating VALUES(1056,135066,2,2);
insert into t_rating VALUES(1056,135050,0,0);
insert into t_rating VALUES(1056,135076,2,2);
insert into t_rating VALUES(1056,135081,2,2);
insert into t_rating VALUES(1056,135062,2,2);
insert into t_rating VALUES(1056,135027,2,2);
insert into t_rating VALUES(1056,135085,2,2);
insert into t_rating VALUES(1056,135052,2,2);
insert into t_rating VALUES(1056,132825,2,2);
insert into t_rating VALUES(1056,135051,2,2);
insert into t_rating VALUES(1134,135047,1,1);
insert into t_rating VALUES(1134,135026,0,0);
insert into t_rating VALUES(1134,135044,1,1);
insert into t_rating VALUES(1134,132825,2,1);
insert into t_rating VALUES(1134,135059,1,0);
insert into t_rating VALUES(1134,135065,2,2);
insert into t_rating VALUES(1134,135046,1,1);
insert into t_rating VALUES(1134,135085,1,2);
insert into t_rating VALUES(1134,135079,1,2);
insert into t_rating VALUES(1134,135055,2,2);
insert into t_rating VALUES(1134,132754,1,1);
insert into t_rating VALUES(1134,132572,0,0);
insert into t_rating VALUES(1134,135075,1,1);
insert into t_rating VALUES(1134,135080,1,1);
insert into t_rating VALUES(1134,135064,2,2);
insert into t_rating VALUES(1134,135074,2,2);
insert into t_rating VALUES(1106,135041,1,1);
insert into t_rating VALUES(1126,135069,0,0);
insert into t_rating VALUES(1106,135032,0,0);
insert into t_rating VALUES(1126,135057,2,2);
insert into t_rating VALUES(1126,132830,0,0);
insert into t_rating VALUES(1106,135028,1,0);
insert into t_rating VALUES(1126,135040,0,0);
insert into t_rating VALUES(1126,135106,2,2);
insert into t_rating VALUES(1126,135052,1,1);
insert into t_rating VALUES(1126,135041,1,1);
insert into t_rating VALUES(1126,135038,0,1);
insert into t_rating VALUES(1126,135054,2,1);
insert into t_rating VALUES(1126,135108,2,1);
insert into t_rating VALUES(1044,134986,2,2);
insert into t_rating VALUES(1124,135054,1,1);
insert into t_rating VALUES(1044,132768,2,2);
insert into t_rating VALUES(1124,135108,1,1);
insert into t_rating VALUES(1124,135032,1,1);
insert into t_rating VALUES(1124,135071,0,1);
insert into t_rating VALUES(1124,135070,1,1);
insert into t_rating VALUES(1124,135069,1,1);
insert into t_rating VALUES(1124,135081,1,0);
insert into t_rating VALUES(1124,135057,1,1);
insert into t_rating VALUES(1124,135039,1,1);
insert into t_rating VALUES(1124,135050,1,0);
insert into t_rating VALUES(1018,135043,0,0);
insert into t_rating VALUES(1125,135043,1,2);
insert into t_rating VALUES(1125,135081,0,2);
insert into t_rating VALUES(1125,135076,1,1);
insert into t_rating VALUES(1018,135082,2,2);
insert into t_rating VALUES(1125,135050,1,1);
insert into t_rating VALUES(1125,135066,0,1);
insert into t_rating VALUES(1125,135032,2,1);
insert into t_rating VALUES(1119,134986,2,2);
insert into t_rating VALUES(1119,135021,0,0);
insert into t_rating VALUES(1119,135001,2,2);
insert into t_rating VALUES(1125,135042,1,1);
insert into t_rating VALUES(1119,132583,2,2);
insert into t_rating VALUES(1125,135063,2,1);
insert into t_rating VALUES(1119,132768,2,2);
insert into t_rating VALUES(1125,135060,0,2);
insert into t_rating VALUES(1125,135038,2,1);
insert into t_rating VALUES(1125,135062,2,1);
insert into t_rating VALUES(1018,135081,1,1);
insert into t_rating VALUES(1018,135057,1,0);
insert into t_rating VALUES(1018,135066,1,1);
insert into t_rating VALUES(1018,135032,1,1);
insert into t_rating VALUES(1018,135062,0,1);
insert into t_rating VALUES(1018,135025,1,1);
insert into t_rating VALUES(1018,135069,1,1);
insert into t_rating VALUES(1018,135108,0,1);
insert into t_rating VALUES(1076,135039,2,1);
insert into t_rating VALUES(1076,135038,2,2);
insert into t_rating VALUES(1076,135027,1,1);
insert into t_rating VALUES(1076,135042,2,2);
insert into t_rating VALUES(1022,135040,0,0);
insert into t_rating VALUES(1076,135073,1,1);
insert into t_rating VALUES(1022,135033,1,2);
insert into t_rating VALUES(1022,135025,0,0);
insert into t_rating VALUES(1022,135032,1,2);
insert into t_rating VALUES(1022,135057,2,2);
insert into t_rating VALUES(1022,135060,1,2);
insert into t_rating VALUES(1022,135052,2,2);
insert into t_rating VALUES(1022,135038,1,2);
insert into t_rating VALUES(1022,135081,2,1);
insert into t_rating VALUES(1022,135045,1,1);
insert into t_rating VALUES(1022,135051,1,1);
insert into t_rating VALUES(1022,135073,2,2);
insert into t_rating VALUES(1022,135062,2,1);
insert into t_rating VALUES(1022,135063,1,2);
insert into t_rating VALUES(1094,135054,0,0);
insert into t_rating VALUES(1094,135082,0,0);
insert into t_rating VALUES(1094,135057,1,0);
insert into t_rating VALUES(1094,135071,1,0);
insert into t_rating VALUES(1094,132830,1,0);
insert into t_rating VALUES(1094,135070,1,0);
insert into t_rating VALUES(1094,135108,1,1);
insert into t_rating VALUES(1094,135069,1,0);
insert into t_rating VALUES(1116,135047,2,2);
insert into t_rating VALUES(1116,135060,0,0);
insert into t_rating VALUES(1116,135038,2,2);
insert into t_rating VALUES(1116,135085,2,2);
insert into t_rating VALUES(1116,135052,2,2);
insert into t_rating VALUES(1116,135025,2,2);
insert into t_rating VALUES(1116,135059,2,2);
insert into t_rating VALUES(1116,135027,2,2);
insert into t_rating VALUES(1116,132825,2,2);
insert into t_rating VALUES(1116,135030,2,2);
insert into t_rating VALUES(1116,132834,2,2);
insert into t_rating VALUES(1105,135057,0,0);
insert into t_rating VALUES(1105,135069,0,0);
insert into t_rating VALUES(1105,132830,0,0);
insert into t_rating VALUES(1105,135040,0,0);
insert into t_rating VALUES(1105,135033,0,0);
insert into t_rating VALUES(1105,135054,0,0);
insert into t_rating VALUES(1105,135039,0,0);
insert into t_rating VALUES(1105,135052,0,0);
insert into t_rating VALUES(1075,135081,2,1);
insert into t_rating VALUES(1075,135066,1,2);
insert into t_rating VALUES(1075,135050,2,2);
insert into t_rating VALUES(1007,135108,1,1);
insert into t_rating VALUES(1075,135076,2,0);
insert into t_rating VALUES(1007,135057,1,2);
insert into t_rating VALUES(1075,135032,1,1);
insert into t_rating VALUES(1075,132834,2,1);
insert into t_rating VALUES(1075,135057,1,1);
insert into t_rating VALUES(1075,132830,1,1);
insert into t_rating VALUES(1075,135062,0,1);
insert into t_rating VALUES(1075,135039,2,0);
insert into t_rating VALUES(1075,135051,1,1);
insert into t_rating VALUES(1075,135041,1,0);
insert into t_rating VALUES(1115,135057,2,2);
insert into t_rating VALUES(1115,135082,2,2);
insert into t_rating VALUES(1115,135054,0,1);
insert into t_rating VALUES(1115,135108,2,2);
insert into t_rating VALUES(1115,135069,0,1);
insert into t_rating VALUES(1115,132830,2,2);
insert into t_rating VALUES(1115,135070,1,1);
insert into t_rating VALUES(1115,135071,2,2);
insert into t_rating VALUES(1072,135000,0,0);
insert into t_rating VALUES(1024,132834,1,1);
insert into t_rating VALUES(1024,135106,1,1);
insert into t_rating VALUES(1024,135042,2,1);
insert into t_rating VALUES(1024,132825,1,0);
insert into t_rating VALUES(1024,135060,0,2);
insert into t_rating VALUES(1024,135032,2,2);
insert into t_rating VALUES(1024,135039,2,2);
insert into t_rating VALUES(1024,135045,2,0);
insert into t_rating VALUES(1024,135027,2,0);
insert into t_rating VALUES(1024,135073,2,0);
insert into t_rating VALUES(1024,135051,1,0);
insert into t_rating VALUES(1024,135041,1,1);
insert into t_rating VALUES(1024,135038,1,0);
insert into t_rating VALUES(1024,135028,1,1);
insert into t_rating VALUES(1024,135030,1,1);
insert into t_rating VALUES(1132,135038,1,1);
insert into t_rating VALUES(1132,132825,2,2);
insert into t_rating VALUES(1132,135085,2,2);
insert into t_rating VALUES(1132,135062,1,1);
insert into t_rating VALUES(1132,135025,1,2);
insert into t_rating VALUES(1132,135052,2,2);
insert into t_rating VALUES(1132,135028,2,2);
insert into t_rating VALUES(1132,135032,0,1);
insert into t_rating VALUES(1132,135051,1,0);
insert into t_rating VALUES(1132,135027,1,0);
insert into t_rating VALUES(1005,135050,2,1);
insert into t_rating VALUES(1005,135076,2,1);
insert into t_rating VALUES(1005,132830,1,0);
insert into t_rating VALUES(1005,135066,1,1);
insert into t_rating VALUES(1005,135041,1,1);
insert into t_rating VALUES(1005,135057,2,1);
insert into t_rating VALUES(1005,135043,2,0);
insert into t_rating VALUES(1005,135042,1,2);
insert into t_rating VALUES(1005,135032,1,2);
insert into t_rating VALUES(1120,135085,0,0);
insert into t_rating VALUES(1120,132845,0,2);
insert into t_rating VALUES(1120,135032,1,1);
insert into t_rating VALUES(1120,135045,2,2);
insert into t_rating VALUES(1120,135038,0,0);
insert into t_rating VALUES(1004,135060,1,1);
insert into t_rating VALUES(1004,135028,2,2);
insert into t_rating VALUES(1004,135106,2,2);
insert into t_rating VALUES(1120,135057,2,2);
insert into t_rating VALUES(1004,135062,2,1);
insert into t_rating VALUES(1120,135026,1,1);
insert into t_rating VALUES(1004,135032,2,2);
insert into t_rating VALUES(1120,132846,2,1);
insert into t_rating VALUES(1077,135027,1,1);
insert into t_rating VALUES(1120,132847,2,2);
insert into t_rating VALUES(1037,135054,1,1);
insert into t_rating VALUES(1037,135082,0,0);
insert into t_rating VALUES(1037,135070,0,0);
insert into t_rating VALUES(1037,132845,0,0);
insert into t_rating VALUES(1037,135108,2,2);
insert into t_rating VALUES(1037,132847,1,1);
insert into t_rating VALUES(1037,132830,2,2);
insert into t_rating VALUES(1035,135000,2,2);
insert into t_rating VALUES(1035,134996,1,2);
insert into t_rating VALUES(1035,134986,2,2);
insert into t_rating VALUES(1052,132851,0,2);
insert into t_rating VALUES(1036,132834,2,2);
insert into t_rating VALUES(1036,135064,2,1);
insert into t_rating VALUES(1036,135079,2,2);
insert into t_rating VALUES(1036,135042,2,2);
insert into t_rating VALUES(1036,135085,2,2);
insert into t_rating VALUES(1036,135025,2,2);
insert into t_rating VALUES(1036,132825,2,2);
insert into t_rating VALUES(1036,135059,2,2);
insert into t_rating VALUES(1036,135052,2,2);
insert into t_rating VALUES(1036,132754,2,2);
insert into t_rating VALUES(1036,135065,0,0);
insert into t_rating VALUES(1036,135045,2,2);
insert into t_rating VALUES(1038,132854,2,2);
insert into t_rating VALUES(1038,132856,1,1);
insert into t_rating VALUES(1038,132858,2,1);
insert into t_rating VALUES(1038,132861,1,2);
insert into t_rating VALUES(1038,132862,2,2);
insert into t_rating VALUES(1071,132862,2,2);
insert into t_rating VALUES(1071,135063,1,2);
insert into t_rating VALUES(1071,135052,2,2);
insert into t_rating VALUES(1071,135060,2,2);
insert into t_rating VALUES(1071,135042,2,2);
insert into t_rating VALUES(1071,132825,2,2);
insert into t_rating VALUES(1071,132856,2,2);
insert into t_rating VALUES(1071,135032,2,2);
insert into t_rating VALUES(1071,132834,1,1);
insert into t_rating VALUES(1071,135039,2,2);
insert into t_rating VALUES(1071,135028,2,2);
insert into t_rating VALUES(1071,135025,2,2);
insert into t_rating VALUES(1071,135030,2,2);
insert into t_rating VALUES(1114,135053,0,0);
insert into t_rating VALUES(1084,135058,0,2);
insert into t_rating VALUES(1084,132862,2,2);
insert into t_rating VALUES(1084,135072,2,2);
insert into t_rating VALUES(1084,135030,2,2);
insert into t_rating VALUES(1084,135026,2,2);
insert into t_rating VALUES(1084,135035,2,2);
insert into t_rating VALUES(1084,135045,2,2);
insert into t_rating VALUES(1084,132861,2,2);
insert into t_rating VALUES(1084,135085,2,2);
insert into t_rating VALUES(1084,132723,0,1);
insert into t_rating VALUES(1049,132825,0,0);
insert into t_rating VALUES(1049,135041,0,0);
insert into t_rating VALUES(1019,132830,0,0);
insert into t_rating VALUES(1019,135076,0,0);
insert into t_rating VALUES(1019,135038,0,0);
insert into t_rating VALUES(1019,132856,0,0);
insert into t_rating VALUES(1069,135070,0,0);
insert into t_rating VALUES(1069,135082,0,0);
insert into t_rating VALUES(1069,135108,0,0);
insert into t_rating VALUES(1069,132858,0,0);
insert into t_rating VALUES(1069,135069,0,0);
insert into t_rating VALUES(1069,132846,0,0);
insert into t_rating VALUES(1069,132845,0,0);
insert into t_rating VALUES(1069,132851,0,0);
insert into t_rating VALUES(1069,132847,2,0);
insert into t_rating VALUES(1113,135038,2,0);
insert into t_rating VALUES(1113,135057,2,1);
insert into t_rating VALUES(1113,135085,2,1);
insert into t_rating VALUES(1113,135032,0,0);
insert into t_rating VALUES(1113,135079,2,1);
insert into t_rating VALUES(1113,135046,2,1);
insert into t_rating VALUES(1113,132856,1,0);
insert into t_rating VALUES(1113,132854,0,0);
insert into t_rating VALUES(1104,135039,0,1);
insert into t_rating VALUES(1104,132825,2,1);
insert into t_rating VALUES(1104,135085,2,1);
insert into t_rating VALUES(1104,135030,1,1);
insert into t_rating VALUES(1104,135062,1,2);
insert into t_rating VALUES(1106,135047,0,0);
insert into t_rating VALUES(1106,135052,0,0);
insert into t_rating VALUES(1104,132834,2,1);
insert into t_rating VALUES(1106,135106,0,0);
insert into t_rating VALUES(1106,132754,2,1);
insert into t_rating VALUES(1104,135052,1,1);
insert into t_rating VALUES(1106,132856,1,0);
insert into t_rating VALUES(1104,135032,1,1);
insert into t_rating VALUES(1104,135025,1,1);
insert into t_rating VALUES(1106,132834,1,1);
insert into t_rating VALUES(1104,135047,2,1);
insert into t_rating VALUES(1106,135042,0,0);
insert into t_rating VALUES(1106,135039,1,1);
insert into t_rating VALUES(1052,132866,2,1);
insert into t_rating VALUES(1106,135066,1,2);
insert into t_rating VALUES(1106,135085,2,2);
insert into t_rating VALUES(1104,135033,1,2);
insert into t_rating VALUES(1106,135062,2,1);
insert into t_rating VALUES(1106,132862,2,2);
insert into t_rating VALUES(1106,135030,2,1);
insert into t_rating VALUES(1106,135079,2,2);
insert into t_rating VALUES(1106,135064,2,2);
insert into t_rating VALUES(1052,132869,2,1);
insert into t_rating VALUES(1052,132870,1,1);
insert into t_rating VALUES(1104,135041,2,1);
insert into t_rating VALUES(1079,134986,2,2);
insert into t_rating VALUES(1079,134976,1,0);
insert into t_rating VALUES(1079,132768,2,2);
insert into t_rating VALUES(1079,132766,2,1);
insert into t_rating VALUES(1045,132825,1,1);
insert into t_rating VALUES(1045,135064,0,0);
insert into t_rating VALUES(1045,132856,2,2);
insert into t_rating VALUES(1045,135085,2,2);
insert into t_rating VALUES(1045,135032,0,0);
insert into t_rating VALUES(1045,132834,1,1);
insert into t_rating VALUES(1045,135052,2,2);
insert into t_rating VALUES(1045,135060,2,2);
insert into t_rating VALUES(1045,135051,2,2);
insert into t_rating VALUES(1045,135041,2,1);
insert into t_rating VALUES(1009,132754,2,1);
insert into t_rating VALUES(1009,132862,1,2);
insert into t_rating VALUES(1009,135060,1,1);
insert into t_rating VALUES(1009,135059,1,1);
insert into t_rating VALUES(1009,132834,2,1);
insert into t_rating VALUES(1009,135058,1,2);
insert into t_rating VALUES(1009,135038,2,2);
insert into t_rating VALUES(1009,132825,1,0);
insert into t_rating VALUES(1009,135052,1,0);
insert into t_rating VALUES(1009,135063,0,0);
insert into t_rating VALUES(1009,135079,2,2);
insert into t_rating VALUES(1016,132834,2,2);
insert into t_rating VALUES(1016,135042,2,2);
insert into t_rating VALUES(1016,135032,2,2);
insert into t_rating VALUES(1016,135106,2,2);
insert into t_rating VALUES(1016,132856,2,2);
insert into t_rating VALUES(1016,135045,2,2);
insert into t_rating VALUES(1016,135060,2,2);
insert into t_rating VALUES(1016,135066,2,2);
insert into t_rating VALUES(1016,135085,2,0);
insert into t_rating VALUES(1016,135052,2,2);
insert into t_rating VALUES(1016,132862,2,2);
insert into t_rating VALUES(1016,135051,2,0);
insert into t_rating VALUES(1016,135062,2,2);
insert into t_rating VALUES(1047,132875,0,0);
insert into t_rating VALUES(1047,132877,0,0);
insert into t_rating VALUES(1047,132884,0,0);
insert into t_rating VALUES(1095,132872,2,2);
insert into t_rating VALUES(1095,135034,2,2);
insert into t_rating VALUES(1095,135058,2,2);
insert into t_rating VALUES(1034,135086,1,1);
insert into t_rating VALUES(1095,132861,1,1);
insert into t_rating VALUES(1034,135049,0,0);
insert into t_rating VALUES(1034,132723,0,1);
insert into t_rating VALUES(1095,132723,2,2);
insert into t_rating VALUES(1095,135086,2,1);
insert into t_rating VALUES(1095,135055,2,2);
insert into t_rating VALUES(1007,135058,2,1);
insert into t_rating VALUES(1007,135085,2,0);
insert into t_rating VALUES(1095,135064,1,1);
insert into t_rating VALUES(1095,135035,2,2);
insert into t_rating VALUES(1095,135072,2,2);
insert into t_rating VALUES(1007,135025,1,1);
insert into t_rating VALUES(1007,135032,1,0);
insert into t_rating VALUES(1007,135086,0,0);
insert into t_rating VALUES(1007,132572,1,1);
insert into t_rating VALUES(1007,135038,1,0);
insert into t_rating VALUES(1078,132885,1,1);
insert into t_rating VALUES(1099,135076,1,0);
insert into t_rating VALUES(1099,132834,2,2);
insert into t_rating VALUES(1008,132866,1,1);
insert into t_rating VALUES(1008,132858,2,1);
insert into t_rating VALUES(1099,135043,2,2);
insert into t_rating VALUES(1099,132885,0,0);
insert into t_rating VALUES(1008,132854,2,1);
insert into t_rating VALUES(1099,132872,1,2);
insert into t_rating VALUES(1008,135108,1,0);
insert into t_rating VALUES(1008,132851,1,1);
insert into t_rating VALUES(1099,132856,1,0);
insert into t_rating VALUES(1008,132869,1,1);
insert into t_rating VALUES(1099,135066,1,1);
insert into t_rating VALUES(1008,135069,1,1);
insert into t_rating VALUES(1099,135038,1,1);
insert into t_rating VALUES(1099,135060,2,2);
insert into t_rating VALUES(1099,135045,1,1);
insert into t_rating VALUES(1008,132846,1,1);
insert into t_rating VALUES(1008,135054,1,1);
insert into t_rating VALUES(1099,135042,1,1);
insert into t_rating VALUES(1040,132773,1,1);
insert into t_rating VALUES(1040,134999,1,1);
insert into t_rating VALUES(1040,135013,2,2);
insert into t_rating VALUES(1040,135019,2,1);
insert into t_rating VALUES(1121,135021,0,0);
insert into t_rating VALUES(1110,135021,2,1);
insert into t_rating VALUES(1110,132767,2,2);
insert into t_rating VALUES(1110,135013,2,2);
insert into t_rating VALUES(1110,134999,2,2);
insert into t_rating VALUES(1121,135019,2,2);
insert into t_rating VALUES(1121,132767,2,2);
insert into t_rating VALUES(1121,134999,2,2);
insert into t_rating VALUES(1042,132768,2,1);
insert into t_rating VALUES(1042,135021,2,0);
insert into t_rating VALUES(1042,134996,2,2);
insert into t_rating VALUES(1013,135079,1,1);
insert into t_rating VALUES(1013,135072,1,1);
insert into t_rating VALUES(1013,135085,2,0);
insert into t_rating VALUES(1013,135076,1,0);
insert into t_rating VALUES(1054,135062,2,0);
insert into t_rating VALUES(1054,135060,2,2);
insert into t_rating VALUES(1054,135039,2,1);
insert into t_rating VALUES(1054,135052,2,1);
insert into t_rating VALUES(1054,132856,2,2);
insert into t_rating VALUES(1054,135051,2,0);
insert into t_rating VALUES(1054,135025,2,2);
insert into t_rating VALUES(1054,135041,2,2);
insert into t_rating VALUES(1054,135038,1,1);
insert into t_rating VALUES(1054,135032,1,1);
insert into t_rating VALUES(1054,135045,1,2);
insert into t_rating VALUES(1042,134986,2,2);
insert into t_rating VALUES(1042,134992,2,1);
insert into t_rating VALUES(1111,132845,2,1);
insert into t_rating VALUES(1111,135071,2,2);
insert into t_rating VALUES(1111,132858,1,1);
insert into t_rating VALUES(1111,132854,2,2);
insert into t_rating VALUES(1111,132877,1,1);
insert into t_rating VALUES(1037,135071,0,0);
insert into t_rating VALUES(1111,132851,1,0);
insert into t_rating VALUES(1111,135108,1,0);
insert into t_rating VALUES(1111,132869,0,0);
insert into t_rating VALUES(1037,132869,1,2);
insert into t_rating VALUES(1111,132870,0,0);
insert into t_rating VALUES(1037,132851,2,1);
insert into t_rating VALUES(1111,132847,0,0);
insert into t_rating VALUES(1111,135082,0,0);
insert into t_rating VALUES(1037,132854,2,0);
insert into t_rating VALUES(1015,132845,1,1);
insert into t_rating VALUES(1015,132866,1,1);
insert into t_rating VALUES(1015,132870,0,1);
insert into t_rating VALUES(1015,135054,1,1);
insert into t_rating VALUES(1015,132869,2,2);
insert into t_rating VALUES(1015,132851,1,1);
insert into t_rating VALUES(1015,132877,1,2);
insert into t_rating VALUES(1128,132872,0,0);
insert into t_rating VALUES(1062,132872,0,0);
insert into t_rating VALUES(1101,135039,1,1);
insert into t_rating VALUES(1101,135027,1,1);
insert into t_rating VALUES(1101,135073,1,1);
insert into t_rating VALUES(1101,135106,0,0);
insert into t_rating VALUES(1101,132856,0,1);
insert into t_rating VALUES(1101,135032,2,1);
insert into t_rating VALUES(1101,135038,2,1);
insert into t_rating VALUES(1101,135051,0,2);
insert into t_rating VALUES(1101,135052,1,1);
insert into t_rating VALUES(1101,135041,0,0);
insert into t_rating VALUES(1001,135085,1,1);
insert into t_rating VALUES(1001,135040,1,1);
insert into t_rating VALUES(1001,135039,1,1);
insert into t_rating VALUES(1001,135045,1,1);
insert into t_rating VALUES(1001,135033,1,1);
insert into t_rating VALUES(1001,135025,2,2);
insert into t_rating VALUES(1001,135051,1,2);
insert into t_rating VALUES(1135,135085,0,0);
insert into t_rating VALUES(1135,135106,0,0);
insert into t_rating VALUES(1135,135052,0,0);
insert into t_rating VALUES(1135,135041,0,0);
insert into t_rating VALUES(1032,132872,1,1);
insert into t_rating VALUES(1032,135058,1,0);
insert into t_rating VALUES(1032,135079,2,0);
insert into t_rating VALUES(1032,135085,1,1);
insert into t_rating VALUES(1032,135042,1,0);
insert into t_rating VALUES(1032,132856,1,0);
insert into t_rating VALUES(1135,132825,0,0);
insert into t_rating VALUES(1135,132834,0,0);
insert into t_rating VALUES(1032,135038,1,0);
insert into t_rating VALUES(1032,132834,1,0);
insert into t_rating VALUES(1032,135060,1,1);
insert into t_rating VALUES(1135,135058,0,0);
insert into t_rating VALUES(1032,135032,0,0);
insert into t_rating VALUES(1135,135063,0,0);
insert into t_rating VALUES(1135,132856,0,0);
insert into t_rating VALUES(1135,135045,0,0);
insert into t_rating VALUES(1135,135028,0,0);
insert into t_rating VALUES(1135,135032,0,0);
insert into t_rating VALUES(1135,135042,0,0);
insert into t_rating VALUES(1135,135060,0,0);
insert into t_rating VALUES(1048,135049,0,2);
insert into t_rating VALUES(1048,135026,2,2);
insert into t_rating VALUES(1048,135034,2,1);
insert into t_rating VALUES(1048,135048,1,0);
insert into t_rating VALUES(1048,135065,2,0);
insert into t_rating VALUES(1048,132755,2,2);
insert into t_rating VALUES(1048,132723,2,2);
insert into t_rating VALUES(1062,135085,0,0);
insert into t_rating VALUES(1062,135053,0,0);
insert into t_rating VALUES(1092,135071,0,0);
insert into t_rating VALUES(1062,132825,0,0);
insert into t_rating VALUES(1092,135085,0,0);
insert into t_rating VALUES(1062,135052,0,0);
insert into t_rating VALUES(1092,135046,0,0);
insert into t_rating VALUES(1062,135062,0,0);
insert into t_rating VALUES(1092,132572,0,0);
insert into t_rating VALUES(1062,135038,0,0);
insert into t_rating VALUES(1062,135045,0,0);
insert into t_rating VALUES(1092,135025,1,1);
insert into t_rating VALUES(1062,132834,0,0);
insert into t_rating VALUES(1092,132723,1,1);
insert into t_rating VALUES(1051,134996,1,2);
insert into t_rating VALUES(1013,132875,2,1);
insert into t_rating VALUES(1085,135043,2,2);
insert into t_rating VALUES(1085,132885,0,0);
insert into t_rating VALUES(1085,135050,2,2);
insert into t_rating VALUES(1085,135076,2,2);
insert into t_rating VALUES(1085,135081,2,2);
insert into t_rating VALUES(1109,135028,2,2);
insert into t_rating VALUES(1109,132856,1,1);
insert into t_rating VALUES(1085,135042,0,0);
insert into t_rating VALUES(1085,135059,2,1);
insert into t_rating VALUES(1109,132825,2,2);
insert into t_rating VALUES(1085,132872,2,2);
insert into t_rating VALUES(1085,135055,2,2);
insert into t_rating VALUES(1109,135032,2,2);
insert into t_rating VALUES(1085,132825,2,2);
insert into t_rating VALUES(1109,135063,2,2);
insert into t_rating VALUES(1109,135042,2,2);
insert into t_rating VALUES(1109,135058,2,2);
insert into t_rating VALUES(1109,135085,2,2);
insert into t_rating VALUES(1109,135038,2,2);
insert into t_rating VALUES(1109,132872,1,1);
insert into t_rating VALUES(1078,135081,1,1);
insert into t_rating VALUES(1078,135060,2,2);
insert into t_rating VALUES(1078,135106,2,2);
insert into t_rating VALUES(1078,135041,1,2);
insert into t_rating VALUES(1078,132834,2,1);
insert into t_rating VALUES(1078,135052,2,2);
insert into t_rating VALUES(1019,135079,0,0);
insert into t_rating VALUES(1102,132846,2,2);
insert into t_rating VALUES(1098,132885,1,0);
insert into t_rating VALUES(1098,135060,1,2);
insert into t_rating VALUES(1098,132856,2,1);
insert into t_rating VALUES(1046,135026,0,2);
insert into t_rating VALUES(1122,135066,1,1);
insert into t_rating VALUES(1122,135065,2,2);
insert into t_rating VALUES(1122,132872,2,2);
insert into t_rating VALUES(1122,135058,0,2);
insert into t_rating VALUES(1122,132834,1,1);
insert into t_rating VALUES(1122,132754,1,2);
insert into t_rating VALUES(1122,135079,2,2);
insert into t_rating VALUES(1122,135038,2,2);
insert into t_rating VALUES(1122,135085,2,1);
insert into t_rating VALUES(1122,135030,1,1);
insert into t_rating VALUES(1122,135064,1,1);
insert into t_rating VALUES(1122,135053,2,2);
insert into t_rating VALUES(1138,132921,2,1);
insert into t_rating VALUES(1138,132922,2,2);
insert into t_rating VALUES(1138,132925,2,1);
insert into t_rating VALUES(1013,132921,2,1);
insert into t_rating VALUES(1098,135085,2,1);
insert into t_rating VALUES(1098,132825,1,1);
insert into t_rating VALUES(1098,135079,1,1);
insert into t_rating VALUES(1098,135032,1,1);
insert into t_rating VALUES(1098,135038,1,1);
insert into t_rating VALUES(1098,132861,2,1);
insert into t_rating VALUES(1098,135046,2,1);
insert into t_rating VALUES(1098,132862,2,2);
insert into t_rating VALUES(1098,132921,2,1);
insert into t_rating VALUES(1034,132884,0,0);
insert into t_rating VALUES(1034,135055,0,0);
insert into t_rating VALUES(1034,135035,1,1);
insert into t_rating VALUES(1033,135065,1,1);
insert into t_rating VALUES(1033,135028,1,1);
insert into t_rating VALUES(1033,135085,2,2);
insert into t_rating VALUES(1033,135046,1,1);
insert into t_rating VALUES(1033,135045,1,2);
insert into t_rating VALUES(1033,132951,1,0);
insert into t_rating VALUES(1033,132572,0,0);
insert into t_rating VALUES(1033,132921,1,1);
insert into t_rating VALUES(1033,135075,1,0);
insert into t_rating VALUES(1033,135038,1,1);
insert into t_rating VALUES(1033,135030,1,1);
insert into t_rating VALUES(1089,135058,1,1);
insert into t_rating VALUES(1089,135064,1,1);
insert into t_rating VALUES(1089,135028,1,1);
insert into t_rating VALUES(1089,132951,1,1);
insert into t_rating VALUES(1003,135064,0,0);
insert into t_rating VALUES(1089,132921,1,1);
insert into t_rating VALUES(1003,132825,2,1);
insert into t_rating VALUES(1089,132754,1,1);
insert into t_rating VALUES(1003,135075,2,2);
insert into t_rating VALUES(1089,135026,1,1);
insert into t_rating VALUES(1003,132862,2,2);
insert into t_rating VALUES(1089,132872,1,1);
insert into t_rating VALUES(1089,135085,1,1);
insert into t_rating VALUES(1003,135041,1,1);
insert into t_rating VALUES(1089,135072,1,1);
insert into t_rating VALUES(1089,132834,1,1);
insert into t_rating VALUES(1003,132937,2,1);
insert into t_rating VALUES(1089,132875,1,1);
insert into t_rating VALUES(1089,135038,0,0);
insert into t_rating VALUES(1003,132922,2,2);
insert into t_rating VALUES(1091,132825,1,1);
insert into t_rating VALUES(1091,135075,2,2);
insert into t_rating VALUES(1089,135079,0,0);
insert into t_rating VALUES(1003,132723,2,1);
insert into t_rating VALUES(1091,132861,1,1);
insert into t_rating VALUES(1003,132755,2,1);
insert into t_rating VALUES(1091,132875,2,2);
insert into t_rating VALUES(1003,135080,1,2);
insert into t_rating VALUES(1091,135086,1,1);
insert into t_rating VALUES(1003,135079,2,2);
insert into t_rating VALUES(1027,135066,0,0);
insert into t_rating VALUES(1091,135080,1,1);
insert into t_rating VALUES(1027,132921,1,1);
insert into t_rating VALUES(1091,132572,2,2);
insert into t_rating VALUES(1027,135052,1,1);
insert into t_rating VALUES(1091,132884,2,2);
insert into t_rating VALUES(1091,135035,1,1);
insert into t_rating VALUES(1027,132937,1,1);
insert into t_rating VALUES(1027,132951,1,1);
insert into t_rating VALUES(1027,132925,1,1);
insert into t_rating VALUES(1027,132872,1,1);
insert into t_rating VALUES(1027,132875,1,1);
insert into t_rating VALUES(1027,135085,1,1);
insert into t_rating VALUES(1027,135042,1,1);
insert into t_rating VALUES(1027,135062,1,1);
insert into t_rating VALUES(1029,135047,1,1);
insert into t_rating VALUES(1029,135059,1,1);
insert into t_rating VALUES(1029,132937,1,1);
insert into t_rating VALUES(1029,135085,1,1);
insert into t_rating VALUES(1029,132834,1,0);
insert into t_rating VALUES(1029,132754,0,0);
insert into t_rating VALUES(1029,132825,1,0);
insert into t_rating VALUES(1029,132921,1,1);
insert into t_rating VALUES(1029,132862,1,1);
insert into t_rating VALUES(1029,132922,1,1);
insert into t_rating VALUES(1086,135063,1,1);
insert into t_rating VALUES(1086,132921,1,1);
insert into t_rating VALUES(1086,135085,1,1);
insert into t_rating VALUES(1086,132922,1,2);
insert into t_rating VALUES(1086,132937,0,1);
insert into t_rating VALUES(1086,135045,2,2);
insert into t_rating VALUES(1086,135041,2,2);
insert into t_rating VALUES(1086,135060,1,1);
insert into t_rating VALUES(1086,132951,1,1);
insert into t_rating VALUES(1019,132921,0,0);
insert into t_rating VALUES(1019,132834,0,0);
insert into t_rating VALUES(1137,132951,2,2);
insert into t_rating VALUES(1019,135062,0,0);
insert into t_rating VALUES(1019,135086,0,0);
insert into t_rating VALUES(1137,135085,1,2);
insert into t_rating VALUES(1137,132834,2,2);
insert into t_rating VALUES(1090,132572,1,2);
insert into t_rating VALUES(1137,132862,2,2);
insert into t_rating VALUES(1137,135058,2,2);
insert into t_rating VALUES(1137,135059,0,2);
insert into t_rating VALUES(1137,135062,2,2);
insert into t_rating VALUES(1137,132825,2,1);
insert into t_rating VALUES(1137,132723,2,2);
insert into t_rating VALUES(1137,132755,2,2);
insert into t_rating VALUES(1137,135042,2,2);
insert into t_rating VALUES(1137,132884,2,2);
insert into t_rating VALUES(1137,135049,2,2);
insert into t_rating VALUES(1137,135075,2,2);
insert into t_rating VALUES(1114,132825,0,0);
insert into t_rating VALUES(1114,135065,0,0);
insert into t_rating VALUES(1114,135058,0,0);
insert into t_rating VALUES(1114,132723,0,0);
insert into t_rating VALUES(1114,132951,0,0);
insert into t_rating VALUES(1114,132872,1,1);
insert into t_rating VALUES(1114,132834,0,0);
insert into t_rating VALUES(1114,135072,0,0);
insert into t_rating VALUES(1114,132754,0,0);
insert into t_rating VALUES(1114,132755,2,1);
insert into t_rating VALUES(1061,132825,2,1);
insert into t_rating VALUES(1061,135048,2,2);
insert into t_rating VALUES(1061,132921,2,1);
insert into t_rating VALUES(1061,135026,2,2);
insert into t_rating VALUES(1061,132723,2,1);
insert into t_rating VALUES(1061,135075,2,2);
insert into t_rating VALUES(1061,135034,2,2);
insert into t_rating VALUES(1061,135041,2,2);
insert into t_rating VALUES(1013,132572,1,0);
insert into t_rating VALUES(1013,135075,2,1);
insert into t_rating VALUES(1061,135046,2,1);
insert into t_rating VALUES(1061,132572,2,2);
insert into t_rating VALUES(1061,135058,1,1);
insert into t_rating VALUES(1046,135044,1,0);
insert into t_rating VALUES(1046,135065,2,2);
insert into t_rating VALUES(1046,132921,1,2);
insert into t_rating VALUES(1046,135085,2,1);
insert into t_rating VALUES(1046,132572,2,0);
insert into t_rating VALUES(1046,135058,2,1);
insert into t_rating VALUES(1046,132951,1,2);
insert into t_rating VALUES(1046,132861,2,2);
insert into t_rating VALUES(1041,135001,1,1);
insert into t_rating VALUES(1041,134983,2,2);
insert into t_rating VALUES(1041,135021,2,2);
insert into t_rating VALUES(1041,134992,2,2);
insert into t_rating VALUES(1041,132768,2,1);
insert into t_rating VALUES(1041,135109,2,1);
insert into t_rating VALUES(1004,132954,2,2);
insert into t_rating VALUES(1004,132955,2,2);
insert into t_rating VALUES(1004,132958,2,2);
insert into t_rating VALUES(1003,132754,2,2);
insert into t_rating VALUES(1059,135064,1,0);
insert into t_rating VALUES(1059,135075,2,1);
insert into t_rating VALUES(1059,135028,1,1);
insert into t_rating VALUES(1061,132834,2,1);
insert into t_rating VALUES(1061,135086,1,2);
insert into t_rating VALUES(1061,132754,2,2);
insert into t_rating VALUES(1061,135080,2,2);
insert into t_rating VALUES(1090,135062,2,2);
insert into t_rating VALUES(1090,135052,2,2);
insert into t_rating VALUES(1112,135047,0,0);
insert into t_rating VALUES(1112,135026,1,1);
insert into t_rating VALUES(1112,135064,1,1);
insert into t_rating VALUES(1090,132862,2,2);
insert into t_rating VALUES(1057,135070,1,1);
insert into t_rating VALUES(1112,132954,0,1);
insert into t_rating VALUES(1057,135043,1,1);
insert into t_rating VALUES(1112,135079,0,0);
insert into t_rating VALUES(1112,135062,0,1);
insert into t_rating VALUES(1090,135051,2,1);
insert into t_rating VALUES(1090,132954,2,2);
insert into t_rating VALUES(1112,135048,0,0);
insert into t_rating VALUES(1057,132954,0,0);
insert into t_rating VALUES(1112,135086,0,0);
insert into t_rating VALUES(1061,132955,2,2);
insert into t_rating VALUES(1112,132921,0,0);
insert into t_rating VALUES(1061,132958,2,2);
insert into t_rating VALUES(1112,135046,0,0);
insert into t_rating VALUES(1090,135085,2,2);
insert into t_rating VALUES(1112,132572,0,1);
insert into t_rating VALUES(1090,132922,2,2);
insert into t_rating VALUES(1025,132866,1,2);
insert into t_rating VALUES(1057,135080,1,0);
insert into t_rating VALUES(1112,132834,0,0);
insert into t_rating VALUES(1057,132825,1,0);
insert into t_rating VALUES(1112,132862,1,1);
insert into t_rating VALUES(1061,132954,1,2);
insert into t_rating VALUES(1025,132877,1,1);
insert into t_rating VALUES(1057,135064,1,0);
insert into t_rating VALUES(1057,135046,0,0);
insert into t_rating VALUES(1090,135025,2,2);
insert into t_rating VALUES(1090,132925,2,2);
insert into t_rating VALUES(1057,132862,0,0);
insert into t_rating VALUES(1057,135075,1,1);
insert into t_rating VALUES(1025,132847,1,1);
insert into t_rating VALUES(1057,135030,0,1);
insert into t_rating VALUES(1025,135071,2,2);
insert into t_rating VALUES(1057,132834,0,1);
insert into t_rating VALUES(1025,132958,0,0);
insert into t_rating VALUES(1025,132825,0,0);
insert into t_rating VALUES(1025,135028,1,0);
insert into t_rating VALUES(1025,135047,1,1);
insert into t_rating VALUES(1025,132846,2,2);
insert into t_rating VALUES(1025,135064,2,2);
insert into t_rating VALUES(1025,132830,2,2);
insert into t_rating VALUES(1097,135079,1,0);
insert into t_rating VALUES(1097,135058,1,1);
insert into t_rating VALUES(1097,132954,1,0);
insert into t_rating VALUES(1097,132958,1,1);
insert into t_rating VALUES(1097,135026,0,1);
insert into t_rating VALUES(1059,132955,1,2);
insert into t_rating VALUES(1059,135044,1,1);
insert into t_rating VALUES(1059,132862,0,0);
insert into t_rating VALUES(1059,135085,2,2);
insert into t_rating VALUES(1059,135030,2,2);
insert into t_rating VALUES(1128,135053,0,0);
insert into t_rating VALUES(1059,132825,1,1);
insert into t_rating VALUES(1059,132754,2,2);
insert into t_rating VALUES(1128,135058,0,0);
insert into t_rating VALUES(1128,132875,0,0);
insert into t_rating VALUES(1128,135079,0,0);
insert into t_rating VALUES(1128,132925,0,0);
insert into t_rating VALUES(1128,135064,0,0);
insert into t_rating VALUES(1128,132921,0,0);
insert into t_rating VALUES(1128,135060,0,0);
insert into t_rating VALUES(1128,132954,0,0);
insert into t_rating VALUES(1128,132951,0,0);
insert into t_rating VALUES(1097,132921,2,1);
insert into t_rating VALUES(1097,132955,2,1);
insert into t_rating VALUES(1097,132884,1,1);
insert into t_rating VALUES(1097,135049,1,1);
insert into t_rating VALUES(1097,135034,2,1);
insert into t_rating VALUES(1006,132954,1,1);
insert into t_rating VALUES(1006,135079,1,1);
insert into t_rating VALUES(1006,132875,2,2);
insert into t_rating VALUES(1006,135026,2,2);
insert into t_rating VALUES(1006,132922,1,2);
insert into t_rating VALUES(1006,132572,0,1);
insert into t_rating VALUES(1006,135075,1,2);
insert into t_rating VALUES(1006,132825,1,1);
insert into t_rating VALUES(1006,135048,1,2);
insert into t_rating VALUES(1006,135030,1,2);
insert into t_rating VALUES(1006,132884,2,2);
insert into t_rating VALUES(1131,135054,1,2);
insert into t_rating VALUES(1131,132869,2,1);
insert into t_rating VALUES(1131,132866,2,2);
insert into t_rating VALUES(1131,135082,1,0);
insert into t_rating VALUES(1131,132851,2,2);
insert into t_rating VALUES(1131,132870,2,0);
insert into t_rating VALUES(1073,135062,0,0);
insert into t_rating VALUES(1073,132572,0,0);
insert into t_rating VALUES(1073,135064,0,0);
insert into t_rating VALUES(1073,135080,0,0);
insert into t_rating VALUES(1073,132951,0,0);
insert into t_rating VALUES(1073,132954,0,0);
insert into t_rating VALUES(1073,135052,0,0);
insert into t_rating VALUES(1073,132834,0,0);
insert into t_rating VALUES(1073,135060,0,0);
insert into t_rating VALUES(1073,135065,0,0);
insert into t_rating VALUES(1073,132862,0,0);
insert into t_rating VALUES(1049,132921,0,0);
insert into t_rating VALUES(1049,135042,0,0);
insert into t_rating VALUES(1049,135032,0,0);
insert into t_rating VALUES(1049,135051,0,0);
insert into t_rating VALUES(1049,135085,0,0);
insert into t_rating VALUES(1049,132862,0,0);
insert into t_rating VALUES(1049,135052,0,0);
insert into t_rating VALUES(1058,135076,2,2);
insert into t_rating VALUES(1058,135043,2,2);
insert into t_rating VALUES(1058,135058,2,0);
insert into t_rating VALUES(1058,135053,1,1);
insert into t_rating VALUES(1058,132885,1,1);
insert into t_rating VALUES(1058,135050,0,0);
insert into t_rating VALUES(1058,132872,2,1);
insert into t_rating VALUES(1058,135066,1,1);
insert into t_rating VALUES(1002,132921,1,1);
insert into t_rating VALUES(1002,135062,2,1);
insert into t_rating VALUES(1002,135106,1,1);
insert into t_rating VALUES(1002,132825,2,0);
insert into t_rating VALUES(1002,135052,1,1);
insert into t_rating VALUES(1002,132862,2,2);
insert into t_rating VALUES(1096,132875,2,2);
insert into t_rating VALUES(1002,135059,2,1);
insert into t_rating VALUES(1002,135041,1,0);
insert into t_rating VALUES(1002,132925,1,2);
insert into t_rating VALUES(1002,135085,1,1);
insert into t_rating VALUES(1096,135025,2,2);
insert into t_rating VALUES(1096,135072,2,1);
insert into t_rating VALUES(1096,135064,1,0);
insert into t_rating VALUES(1096,135086,0,2);
insert into t_rating VALUES(1096,135055,2,2);
insert into t_rating VALUES(1136,135074,1,2);
insert into t_rating VALUES(1096,135026,2,2);
insert into t_rating VALUES(1136,132862,2,2);
insert into t_rating VALUES(1096,132955,2,2);
insert into t_rating VALUES(1136,132921,2,2);
insert into t_rating VALUES(1136,135072,1,1);
insert into t_rating VALUES(1096,132723,2,1);
insert into t_rating VALUES(1136,135055,2,2);
insert into t_rating VALUES(1136,135064,1,1);
insert into t_rating VALUES(1096,132958,2,2);
insert into t_rating VALUES(1096,135075,2,1);
insert into t_rating VALUES(1136,132958,2,2);
insert into t_rating VALUES(1136,135048,2,2);
insert into t_rating VALUES(1136,135046,2,2);
insert into t_rating VALUES(1136,135028,2,2);
insert into t_rating VALUES(1097,135086,0,1);
insert into t_rating VALUES(1097,135053,2,2);
insert into t_rating VALUES(1097,132861,2,1);
insert into t_rating VALUES(1058,135062,2,2);
insert into t_rating VALUES(1058,135055,2,2);
insert into t_rating VALUES(1010,135053,1,1);
insert into t_rating VALUES(1010,135058,0,0);
insert into t_rating VALUES(1010,135079,0,0);
insert into t_rating VALUES(1003,135059,2,2);
insert into t_rating VALUES(1010,135064,2,0);
insert into t_rating VALUES(1010,135047,1,1);
insert into t_rating VALUES(1010,135065,1,1);
insert into t_rating VALUES(1102,132854,2,2);
insert into t_rating VALUES(1102,132858,2,0);
insert into t_rating VALUES(1010,135042,2,2);
insert into t_rating VALUES(1102,132870,2,0);
insert into t_rating VALUES(1010,135076,2,2);
insert into t_rating VALUES(1102,132847,2,0);
insert into t_rating VALUES(1013,132951,2,2);
insert into t_rating VALUES(1013,135060,1,0);
insert into t_rating VALUES(1028,132732,1,1);
insert into t_rating VALUES(1028,132733,1,1);
insert into t_rating VALUES(1028,135104,1,0);
insert into t_rating VALUES(1050,132732,1,1);
insert into t_rating VALUES(1050,132609,0,0);
insert into t_rating VALUES(1050,132608,0,0);
insert into t_rating VALUES(1050,132560,2,0);
insert into t_rating VALUES(1050,132740,2,0);
insert into t_rating VALUES(1050,132594,2,0);
insert into t_rating VALUES(1050,132584,0,0);
insert into t_rating VALUES(1028,132740,1,1);
insert into t_rating VALUES(1129,132706,0,1);
insert into t_rating VALUES(1129,132654,0,0);
insert into t_rating VALUES(1028,132630,2,2);
insert into t_rating VALUES(1028,132663,0,0);
insert into t_rating VALUES(1028,132613,2,2);
insert into t_rating VALUES(1087,132667,2,1);
insert into t_rating VALUES(1087,135104,2,1);
insert into t_rating VALUES(1087,132660,1,0);
insert into t_rating VALUES(1087,132732,2,1);
insert into t_rating VALUES(1087,132740,2,1);
insert into t_rating VALUES(1087,132560,2,1);
insert into t_rating VALUES(1087,132594,2,1);
insert into t_rating VALUES(1087,132663,2,1);
insert into t_rating VALUES(1065,132626,0,1);
insert into t_rating VALUES(1065,132706,1,2);
insert into t_rating VALUES(1129,132561,2,2);
insert into t_rating VALUES(1065,132665,1,1);
insert into t_rating VALUES(1129,132665,0,0);
insert into t_rating VALUES(1065,132561,1,1);
insert into t_rating VALUES(1039,132626,2,1);
insert into t_rating VALUES(1039,132564,1,2);
insert into t_rating VALUES(1065,132654,1,1);
insert into t_rating VALUES(1039,132665,1,2);
insert into t_rating VALUES(1130,132654,0,0);
insert into t_rating VALUES(1130,132561,0,0);
insert into t_rating VALUES(1130,132626,0,0);
insert into t_rating VALUES(1130,132706,2,1);
insert into t_rating VALUES(1043,132608,1,1);
insert into t_rating VALUES(1043,132609,2,1);
insert into t_rating VALUES(1011,132717,2,1);
insert into t_rating VALUES(1043,132613,1,1);
insert into t_rating VALUES(1011,132564,1,1);
insert into t_rating VALUES(1043,132732,1,1);
insert into t_rating VALUES(1043,132630,1,1);
insert into t_rating VALUES(1011,132715,1,0);
insert into t_rating VALUES(1068,132733,1,0);
insert into t_rating VALUES(1068,132594,1,1);
insert into t_rating VALUES(1068,132660,0,0);


insert into t_customer_cuisine VALUES(1001,'American');
insert into t_customer_cuisine VALUES(1002,'Mexican');
insert into t_customer_cuisine VALUES(1003,'Mexican');
insert into t_customer_cuisine VALUES(1004,'Bagels');
insert into t_customer_cuisine VALUES(1004,'Bakery');
insert into t_customer_cuisine VALUES(1004,'Breakfast-Brunch');
insert into t_customer_cuisine VALUES(1004,'Cafe-Coffee Shop');
insert into t_customer_cuisine VALUES(1004,'Cafeteria');
insert into t_customer_cuisine VALUES(1004,'Contemporary');
insert into t_customer_cuisine VALUES(1004,'Continental-European');
insert into t_customer_cuisine VALUES(1004,'Japanese');
insert into t_customer_cuisine VALUES(1004,'Mexican');
insert into t_customer_cuisine VALUES(1005,'American');
insert into t_customer_cuisine VALUES(1006,'Mexican');
insert into t_customer_cuisine VALUES(1007,'Family');
insert into t_customer_cuisine VALUES(1008,'American');
insert into t_customer_cuisine VALUES(1008,'Cafe-Coffee Shop');
insert into t_customer_cuisine VALUES(1008,'Cafeteria');
insert into t_customer_cuisine VALUES(1008,'Hawaiian');
insert into t_customer_cuisine VALUES(1008,'Hot Dogs');
insert into t_customer_cuisine VALUES(1008,'Italian');
insert into t_customer_cuisine VALUES(1008,'Juice');
insert into t_customer_cuisine VALUES(1008,'Korean');
insert into t_customer_cuisine VALUES(1008,'Latin American');
insert into t_customer_cuisine VALUES(1008,'Mexican');
insert into t_customer_cuisine VALUES(1009,'Cafe-Coffee Shop');
insert into t_customer_cuisine VALUES(1009,'Cafeteria');
insert into t_customer_cuisine VALUES(1009,'Deli-Sandwiches');
insert into t_customer_cuisine VALUES(1009,'Diner');
insert into t_customer_cuisine VALUES(1009,'Family');
insert into t_customer_cuisine VALUES(1009,'Fast Food');
insert into t_customer_cuisine VALUES(1009,'Mexican');
insert into t_customer_cuisine VALUES(1010,'Mexican');
insert into t_customer_cuisine VALUES(1011,'Mexican');
insert into t_customer_cuisine VALUES(1012,'Latin American');
insert into t_customer_cuisine VALUES(1013,'Japanese');
insert into t_customer_cuisine VALUES(1014,'Fast Food');
insert into t_customer_cuisine VALUES(1014,'Japanese');
insert into t_customer_cuisine VALUES(1015,'Mexican');
insert into t_customer_cuisine VALUES(1016,'American');
insert into t_customer_cuisine VALUES(1016,'Barbecue');
insert into t_customer_cuisine VALUES(1016,'Cafe-Coffee Shop');
insert into t_customer_cuisine VALUES(1016,'Contemporary');
insert into t_customer_cuisine VALUES(1016,'Eastern European');
insert into t_customer_cuisine VALUES(1016,'Fusion');
insert into t_customer_cuisine VALUES(1016,'Indian-Pakistani');
insert into t_customer_cuisine VALUES(1016,'Japanese');
insert into t_customer_cuisine VALUES(1016,'Lebanese');
insert into t_customer_cuisine VALUES(1016,'Moroccan');
insert into t_customer_cuisine VALUES(1016,'Polish');
insert into t_customer_cuisine VALUES(1016,'Polynesian');
insert into t_customer_cuisine VALUES(1016,'Portuguese');
insert into t_customer_cuisine VALUES(1016,'Regional');
insert into t_customer_cuisine VALUES(1017,'Chinese');
insert into t_customer_cuisine VALUES(1018,'Mexican');
insert into t_customer_cuisine VALUES(1019,'Family');
insert into t_customer_cuisine VALUES(1020,'Mexican');
insert into t_customer_cuisine VALUES(1021,'Burgers');
insert into t_customer_cuisine VALUES(1021,'Chinese');
insert into t_customer_cuisine VALUES(1021,'Pizzeria');
insert into t_customer_cuisine VALUES(1021,'Regional');
insert into t_customer_cuisine VALUES(1022,'Mexican');
insert into t_customer_cuisine VALUES(1023,'Mexican');
insert into t_customer_cuisine VALUES(1024,'Afghan');
insert into t_customer_cuisine VALUES(1025,'Mexican');
insert into t_customer_cuisine VALUES(1026,'Mexican');
insert into t_customer_cuisine VALUES(1027,'Family');
insert into t_customer_cuisine VALUES(1028,'Mexican');
insert into t_customer_cuisine VALUES(1029,'Mexican');
insert into t_customer_cuisine VALUES(1030,'Mexican');
insert into t_customer_cuisine VALUES(1031,'Mexican');
insert into t_customer_cuisine VALUES(1032,'Mexican');
insert into t_customer_cuisine VALUES(1033,'Mexican');
insert into t_customer_cuisine VALUES(1034,'Mexican');
insert into t_customer_cuisine VALUES(1035,'Family');
insert into t_customer_cuisine VALUES(1036,'Mexican');
insert into t_customer_cuisine VALUES(1037,'Mexican');
insert into t_customer_cuisine VALUES(1038,'Mexican');
insert into t_customer_cuisine VALUES(1039,'Regional');
insert into t_customer_cuisine VALUES(1040,'Pizzeria');
insert into t_customer_cuisine VALUES(1041,'Contemporary');
insert into t_customer_cuisine VALUES(1042,'Mexican');
insert into t_customer_cuisine VALUES(1043,'Latin American');
insert into t_customer_cuisine VALUES(1044,'Mexican');
insert into t_customer_cuisine VALUES(1045,'Mexican');
insert into t_customer_cuisine VALUES(1045,'Middle Eastern');
insert into t_customer_cuisine VALUES(1045,'Mongolian');
insert into t_customer_cuisine VALUES(1045,'Moroccan');
insert into t_customer_cuisine VALUES(1046,'Bar');
insert into t_customer_cuisine VALUES(1047,'American');
insert into t_customer_cuisine VALUES(1048,'Mexican');
insert into t_customer_cuisine VALUES(1049,'Mexican');
insert into t_customer_cuisine VALUES(1050,'Mexican');
insert into t_customer_cuisine VALUES(1051,'Mexican');
insert into t_customer_cuisine VALUES(1052,'Bakery');
insert into t_customer_cuisine VALUES(1053,'Mexican');
insert into t_customer_cuisine VALUES(1054,'Mexican');
insert into t_customer_cuisine VALUES(1055,'Breakfast-Brunch');
insert into t_customer_cuisine VALUES(1056,'Mexican');
insert into t_customer_cuisine VALUES(1057,'American');
insert into t_customer_cuisine VALUES(1058,'Cuban');
insert into t_customer_cuisine VALUES(1059,'Mexican');
insert into t_customer_cuisine VALUES(1060,'American');
insert into t_customer_cuisine VALUES(1060,'Burgers');
insert into t_customer_cuisine VALUES(1060,'Cafe-Coffee Shop');
insert into t_customer_cuisine VALUES(1060,'Cafeteria');
insert into t_customer_cuisine VALUES(1060,'Fast Food');
insert into t_customer_cuisine VALUES(1060,'Hot Dogs');
insert into t_customer_cuisine VALUES(1060,'Italian');
insert into t_customer_cuisine VALUES(1060,'Juice');
insert into t_customer_cuisine VALUES(1060,'Mexican');
insert into t_customer_cuisine VALUES(1060,'Pizzeria');
insert into t_customer_cuisine VALUES(1060,'Soup');
insert into t_customer_cuisine VALUES(1060,'Spanish');
insert into t_customer_cuisine VALUES(1060,'Tex-Mex');
insert into t_customer_cuisine VALUES(1061,'Mexican');
insert into t_customer_cuisine VALUES(1062,'Mexican');
insert into t_customer_cuisine VALUES(1063,'Mexican');
insert into t_customer_cuisine VALUES(1064,'Mexican');
insert into t_customer_cuisine VALUES(1065,'Mexican');
insert into t_customer_cuisine VALUES(1066,'Mexican');
insert into t_customer_cuisine VALUES(1067,'Mexican');
insert into t_customer_cuisine VALUES(1068,'Mexican');
insert into t_customer_cuisine VALUES(1069,'Mexican');
insert into t_customer_cuisine VALUES(1070,'Mexican');
insert into t_customer_cuisine VALUES(1071,'Mexican');
insert into t_customer_cuisine VALUES(1072,'Mexican');
insert into t_customer_cuisine VALUES(1073,'American');
insert into t_customer_cuisine VALUES(1074,'Sushi');
insert into t_customer_cuisine VALUES(1075,'Mexican');
insert into t_customer_cuisine VALUES(1076,'Mexican');
insert into t_customer_cuisine VALUES(1077,'Mexican');
insert into t_customer_cuisine VALUES(1078,'Mexican');
insert into t_customer_cuisine VALUES(1079,'Mexican');
insert into t_customer_cuisine VALUES(1080,'Mexican');
insert into t_customer_cuisine VALUES(1081,'Mexican');
insert into t_customer_cuisine VALUES(1082,'Mexican');
insert into t_customer_cuisine VALUES(1083,'Mexican');
insert into t_customer_cuisine VALUES(1084,'Mexican');
insert into t_customer_cuisine VALUES(1085,'Mexican');
insert into t_customer_cuisine VALUES(1086,'Italian');
insert into t_customer_cuisine VALUES(1087,'Chinese');
insert into t_customer_cuisine VALUES(1088,'Mexican');
insert into t_customer_cuisine VALUES(1089,'Mexican');
insert into t_customer_cuisine VALUES(1090,'Tex-Mex');
insert into t_customer_cuisine VALUES(1091,'American');
insert into t_customer_cuisine VALUES(1091,'Mexican');
insert into t_customer_cuisine VALUES(1092,'Game');
insert into t_customer_cuisine VALUES(1093,'Japanese');
insert into t_customer_cuisine VALUES(1094,'Mexican');
insert into t_customer_cuisine VALUES(1095,'Italian');
insert into t_customer_cuisine VALUES(1096,'Mexican');
insert into t_customer_cuisine VALUES(1097,'Mexican');
insert into t_customer_cuisine VALUES(1098,'Mexican');
insert into t_customer_cuisine VALUES(1099,'Mexican');
insert into t_customer_cuisine VALUES(1100,'Mexican');
insert into t_customer_cuisine VALUES(1101,'Afghan');
insert into t_customer_cuisine VALUES(1101,'Australian');
insert into t_customer_cuisine VALUES(1101,'Bar');
insert into t_customer_cuisine VALUES(1101,'Burgers');
insert into t_customer_cuisine VALUES(1101,'Cafe-Coffee Shop');
insert into t_customer_cuisine VALUES(1101,'Cafeteria');
insert into t_customer_cuisine VALUES(1101,'Chinese');
insert into t_customer_cuisine VALUES(1101,'Contemporary');
insert into t_customer_cuisine VALUES(1101,'Diner');
insert into t_customer_cuisine VALUES(1101,'Doughnuts');
insert into t_customer_cuisine VALUES(1101,'Family');
insert into t_customer_cuisine VALUES(1101,'Hot Dogs');
insert into t_customer_cuisine VALUES(1101,'Italian');
insert into t_customer_cuisine VALUES(1101,'Latin American');
insert into t_customer_cuisine VALUES(1101,'Mexican');
insert into t_customer_cuisine VALUES(1102,'Pizzeria');
insert into t_customer_cuisine VALUES(1103,'Mexican');
insert into t_customer_cuisine VALUES(1104,'Italian');
insert into t_customer_cuisine VALUES(1105,'Cafeteria');
insert into t_customer_cuisine VALUES(1106,'Barbecue');
insert into t_customer_cuisine VALUES(1107,'Mexican');
insert into t_customer_cuisine VALUES(1108,'American');
insert into t_customer_cuisine VALUES(1108,'Asian');
insert into t_customer_cuisine VALUES(1108,'Burgers');
insert into t_customer_cuisine VALUES(1108,'Cafe-Coffee Shop');
insert into t_customer_cuisine VALUES(1108,'Cafeteria');
insert into t_customer_cuisine VALUES(1108,'Chinese');
insert into t_customer_cuisine VALUES(1108,'Deli-Sandwiches');
insert into t_customer_cuisine VALUES(1108,'Dessert-Ice Cream');
insert into t_customer_cuisine VALUES(1108,'Family');
insert into t_customer_cuisine VALUES(1108,'Fast Food');
insert into t_customer_cuisine VALUES(1108,'Game');
insert into t_customer_cuisine VALUES(1108,'Hot Dogs');
insert into t_customer_cuisine VALUES(1108,'Japanese');
insert into t_customer_cuisine VALUES(1108,'Latin American');
insert into t_customer_cuisine VALUES(1108,'Mexican');
insert into t_customer_cuisine VALUES(1108,'Pizzeria');
insert into t_customer_cuisine VALUES(1108,'Seafood');
insert into t_customer_cuisine VALUES(1108,'Sushi');
insert into t_customer_cuisine VALUES(1109,'Mexican');
insert into t_customer_cuisine VALUES(1110,'Mexican');
insert into t_customer_cuisine VALUES(1111,'Mexican');
insert into t_customer_cuisine VALUES(1112,'Mexican');
insert into t_customer_cuisine VALUES(1113,'Burgers');
insert into t_customer_cuisine VALUES(1114,'Mexican');
insert into t_customer_cuisine VALUES(1115,'Regional');
insert into t_customer_cuisine VALUES(1116,'Mexican');
insert into t_customer_cuisine VALUES(1117,'Turkish');
insert into t_customer_cuisine VALUES(1118,'Pizzeria');
insert into t_customer_cuisine VALUES(1119,'Mexican');
insert into t_customer_cuisine VALUES(1120,'Mexican');
insert into t_customer_cuisine VALUES(1121,'Mexican');
insert into t_customer_cuisine VALUES(1122,'Afghan');
insert into t_customer_cuisine VALUES(1123,'Mexican');
insert into t_customer_cuisine VALUES(1124,'Mexican');
insert into t_customer_cuisine VALUES(1125,'Mexican');
insert into t_customer_cuisine VALUES(1126,'Mexican');
insert into t_customer_cuisine VALUES(1127,'Mexican');
insert into t_customer_cuisine VALUES(1128,'Cafeteria');
insert into t_customer_cuisine VALUES(1128,'Hot Dogs');
insert into t_customer_cuisine VALUES(1128,'Mexican');
insert into t_customer_cuisine VALUES(1128,'Pizzeria');
insert into t_customer_cuisine VALUES(1129,'Mexican');
insert into t_customer_cuisine VALUES(1130,'Mexican');
insert into t_customer_cuisine VALUES(1131,'Mexican');
insert into t_customer_cuisine VALUES(1132,'Mexican');
insert into t_customer_cuisine VALUES(1133,'Mexican');
insert into t_customer_cuisine VALUES(1134,'Mexican');
insert into t_customer_cuisine VALUES(1135,'Afghan');
insert into t_customer_cuisine VALUES(1135,'African');
insert into t_customer_cuisine VALUES(1135,'American');
insert into t_customer_cuisine VALUES(1135,'Armenian');
insert into t_customer_cuisine VALUES(1135,'Asian');
insert into t_customer_cuisine VALUES(1135,'Australian');
insert into t_customer_cuisine VALUES(1135,'Austrian');
insert into t_customer_cuisine VALUES(1135,'Bagels');
insert into t_customer_cuisine VALUES(1135,'Bakery');
insert into t_customer_cuisine VALUES(1135,'Bar');
insert into t_customer_cuisine VALUES(1135,'Bar Pub Brewery');
insert into t_customer_cuisine VALUES(1135,'Barbecue');
insert into t_customer_cuisine VALUES(1135,'Basque');
insert into t_customer_cuisine VALUES(1135,'Brazilian');
insert into t_customer_cuisine VALUES(1135,'Breakfast-Brunch');
insert into t_customer_cuisine VALUES(1135,'British');
insert into t_customer_cuisine VALUES(1135,'Burgers');
insert into t_customer_cuisine VALUES(1135,'Burmese');
insert into t_customer_cuisine VALUES(1135,'Cafe-Coffee Shop');
insert into t_customer_cuisine VALUES(1135,'Cafeteria');
insert into t_customer_cuisine VALUES(1135,'Cajun-Creole');
insert into t_customer_cuisine VALUES(1135,'California');
insert into t_customer_cuisine VALUES(1135,'Cambodian');
insert into t_customer_cuisine VALUES(1135,'Canadian');
insert into t_customer_cuisine VALUES(1135,'Caribbean');
insert into t_customer_cuisine VALUES(1135,'Chilean');
insert into t_customer_cuisine VALUES(1135,'Chinese');
insert into t_customer_cuisine VALUES(1135,'Contemporary');
insert into t_customer_cuisine VALUES(1135,'Continental-European');
insert into t_customer_cuisine VALUES(1135,'Cuban');
insert into t_customer_cuisine VALUES(1135,'Deli-Sandwiches');
insert into t_customer_cuisine VALUES(1135,'Dessert-Ice Cream');
insert into t_customer_cuisine VALUES(1135,'Dim Sum');
insert into t_customer_cuisine VALUES(1135,'Diner');
insert into t_customer_cuisine VALUES(1135,'Doughnuts');
insert into t_customer_cuisine VALUES(1135,'Dutch-Belgian');
insert into t_customer_cuisine VALUES(1135,'Eastern European');
insert into t_customer_cuisine VALUES(1135,'Eclectic');
insert into t_customer_cuisine VALUES(1135,'Ethiopian');
insert into t_customer_cuisine VALUES(1135,'Family');
insert into t_customer_cuisine VALUES(1135,'Fast Food');
insert into t_customer_cuisine VALUES(1135,'Filipino');
insert into t_customer_cuisine VALUES(1135,'Fine Dining');
insert into t_customer_cuisine VALUES(1135,'French');
insert into t_customer_cuisine VALUES(1135,'Fusion');
insert into t_customer_cuisine VALUES(1135,'Game');
insert into t_customer_cuisine VALUES(1135,'German');
insert into t_customer_cuisine VALUES(1135,'Greek');
insert into t_customer_cuisine VALUES(1135,'Hawaiian');
insert into t_customer_cuisine VALUES(1135,'Hot Dogs');
insert into t_customer_cuisine VALUES(1135,'Hungarian');
insert into t_customer_cuisine VALUES(1135,'Indian-Pakistani');
insert into t_customer_cuisine VALUES(1135,'Indigenous');
insert into t_customer_cuisine VALUES(1135,'Indonesian');
insert into t_customer_cuisine VALUES(1135,'International');
insert into t_customer_cuisine VALUES(1135,'Irish');
insert into t_customer_cuisine VALUES(1135,'Israeli');
insert into t_customer_cuisine VALUES(1135,'Italian');
insert into t_customer_cuisine VALUES(1135,'Jamaican');
insert into t_customer_cuisine VALUES(1135,'Japanese');
insert into t_customer_cuisine VALUES(1135,'Juice');
insert into t_customer_cuisine VALUES(1135,'Korean');
insert into t_customer_cuisine VALUES(1135,'Kosher');
insert into t_customer_cuisine VALUES(1135,'Latin American');
insert into t_customer_cuisine VALUES(1135,'Lebanese');
insert into t_customer_cuisine VALUES(1135,'Malaysian');
insert into t_customer_cuisine VALUES(1135,'Mediterranean');
insert into t_customer_cuisine VALUES(1135,'Mexican');
insert into t_customer_cuisine VALUES(1135,'Middle Eastern');
insert into t_customer_cuisine VALUES(1135,'Mongolian');
insert into t_customer_cuisine VALUES(1135,'Moroccan');
insert into t_customer_cuisine VALUES(1135,'North African');
insert into t_customer_cuisine VALUES(1135,'Organic-Healthy');
insert into t_customer_cuisine VALUES(1135,'Pacific Northwest');
insert into t_customer_cuisine VALUES(1135,'Pacific Rim');
insert into t_customer_cuisine VALUES(1135,'Persian');
insert into t_customer_cuisine VALUES(1135,'Peruvian');
insert into t_customer_cuisine VALUES(1135,'Pizzeria');
insert into t_customer_cuisine VALUES(1135,'Polish');
insert into t_customer_cuisine VALUES(1135,'Polynesian');
insert into t_customer_cuisine VALUES(1135,'Portuguese');
insert into t_customer_cuisine VALUES(1135,'Regional');
insert into t_customer_cuisine VALUES(1135,'Romanian');
insert into t_customer_cuisine VALUES(1135,'Russian-Ukrainian');
insert into t_customer_cuisine VALUES(1135,'Scandinavian');
insert into t_customer_cuisine VALUES(1135,'Seafood');
insert into t_customer_cuisine VALUES(1135,'Soup');
insert into t_customer_cuisine VALUES(1135,'Southeast Asian');
insert into t_customer_cuisine VALUES(1135,'Southern');
insert into t_customer_cuisine VALUES(1135,'Southwestern');
insert into t_customer_cuisine VALUES(1135,'Spanish');
insert into t_customer_cuisine VALUES(1135,'Steaks');
insert into t_customer_cuisine VALUES(1135,'Sushi');
insert into t_customer_cuisine VALUES(1135,'Swiss');
insert into t_customer_cuisine VALUES(1135,'Tapas');
insert into t_customer_cuisine VALUES(1135,'Tea House');
insert into t_customer_cuisine VALUES(1135,'Tex-Mex');
insert into t_customer_cuisine VALUES(1135,'Thai');
insert into t_customer_cuisine VALUES(1135,'Tibetan');
insert into t_customer_cuisine VALUES(1135,'Tunisian');
insert into t_customer_cuisine VALUES(1135,'Turkish');
insert into t_customer_cuisine VALUES(1135,'Vegetarian');
insert into t_customer_cuisine VALUES(1135,'Vietnamese');
insert into t_customer_cuisine VALUES(1136,'Mexican');
insert into t_customer_cuisine VALUES(1137,'Mexican');
insert into t_customer_cuisine VALUES(1138,'Pizzeria');
commit;